"sku","title","description","price","main_image","gallery"
"19M7866","Фланцевый винт с шестигранной John Deere 19M7866","🔧 Фланцевый винт с шестигранной головкой M8 × 20 John Deere 19M7866.

Запчасть John Deere для ремонта и обслуживания техники. Применяется как крепёжный или опорный элемент в соответствующем узле техники.
Продаётся по каталожному номеру 19M7866. Перед заказом рекомендуем сверить номер с вашей старой деталью или каталогом техники.

📌 Основные данные:
• Артикул: 19M7866
• Бренд: John Deere
• Наименование: Фланцевый винт с шестигранной головкой M8 × 20
• Узел: Крепеж / Винты
• Раздел: Запчасти → Крепёж
• Вес: 0,014 кг
• Размеры: длина 26,67 мм; высота 17,78 мм
• Фото: 4 шт.

🚜 Применяемость по данным каталога: 2C-280, 2C-284, 2C-300, 2C-304, 2C-324, 2C-350.

🚚 Работаем с юридическими лицами. Отправляем по России транспортными компаниями.
📲 Для уточнения срока поставки, совместимости и условий отгрузки напишите в сообщения Авито или позвоните.","100","images/06/19M7866_1.jpg","[""images/06/19M7866_1.jpg"",""images/06/19M7866_2.jpg"",""images/06/19M7866_3.jpg"",""images/06/19M7866_4.jpg""]"
"19M7868","Фланцевый винт с шестигранной John Deere 19M7868","🔧 Фланцевый винт с шестигранной головкой, M8 X 30 John Deere 19M7868.

Запчасть John Deere для ремонта и обслуживания техники. Применяется как крепёжный или опорный элемент в соответствующем узле техники.
Продаётся по каталожному номеру 19M7868. Перед заказом рекомендуем сверить номер с вашей старой деталью или каталогом техники.

📌 Основные данные:
• Артикул: 19M7868
• Бренд: John Deere
• Наименование: Фланцевый винт с шестигранной головкой, M8 X 30
• Узел: Крепеж / Винты
• Раздел: Запчасти → Крепёж
• Вес: 0,018 кг
• Размеры: длина 38,1 мм; высота 17,272 мм
• Фото: 4 шт.

🚜 Применяемость по данным каталога: 2C-280, 2C-284, 2C-300, 2C-304, 2C-324, 2C-350.

🚚 Работаем с юридическими лицами. Отправляем по России транспортными компаниями.
📲 Для уточнения срока поставки, совместимости и условий отгрузки напишите в сообщения Авито или позвоните.","155","images/06/19M7868_1.jpg","[""images/06/19M7868_1.jpg"",""images/06/19M7868_2.jpg"",""images/06/19M7868_3.jpg"",""images/06/19M7868_4.jpg""]"
"19M8011","Винт с шестигранной головкой, John Deere 19M8011","🔧 Винт с шестигранной головкой, M12 X 30 John Deere 19M8011.

Запчасть John Deere для ремонта и обслуживания техники. Применяется как крепёжный или опорный элемент в соответствующем узле техники.
Продаётся по каталожному номеру 19M8011. Перед заказом рекомендуем сверить номер с вашей старой деталью или каталогом техники.

📌 Основные данные:
• Артикул: 19M8011
• Бренд: John Deere
• Наименование: Винт с шестигранной головкой, M12 X 30
• Узел: Крепеж / Винты
• Раздел: Запчасти → Крепёж
• Вес: 0,036 кг
• Размеры: длина 38,1 мм; высота 20,32 мм
• Фото: 4 шт.

🚜 Применяемость по данным каталога: 5-750, 5-754, 5-800, 5-804, 5-900, 5E-704.

🚚 Работаем с юридическими лицами. Отправляем по России транспортными компаниями.
📲 Для уточнения срока поставки, совместимости и условий отгрузки напишите в сообщения Авито или позвоните.","200","images/06/19M8011_1.jpg","[""images/06/19M8011_1.jpg"",""images/06/19M8011_2.jpg"",""images/06/19M8011_3.jpg"",""images/06/19M8011_4.jpg""]"
"51M7041","Уплотнительное кольцо John Deere 51M7041","🔧 Уплотнительное кольцо круглого сечения John Deere 51M7041.

Запчасть John Deere для ремонта и обслуживания техники. Подходит для ремонта узла при износе уплотнений, появлении подтеканий или плановом обслуживании.
Продаётся по каталожному номеру 51M7041. Перед заказом рекомендуем сверить номер с вашей старой деталью или каталогом техники.

📌 Основные данные:
• Артикул: 51M7041
• Бренд: John Deere
• Наименование: Уплотнительное кольцо круглого сечения
• Узел: Уплотнения, прокладки и кольца / Уплотнительные кольца и комплекты
• Раздел: Запчасти → Уплотнения и прокладки
• Вес: 0,005 кг
• Размеры: длина 2,032 мм; высота 15,24 мм
• Фото: 6 шт.

🚜 Применяемость по данным каталога: 3B-554, 04, 5-750, 5-754, 5-800, 5-804.

🚚 Работаем с юридическими лицами. Отправляем по России транспортными компаниями.
📲 Для уточнения срока поставки, совместимости и условий отгрузки напишите в сообщения Авито или позвоните.","250","images/02/51M7041_1.jpg","[""images/02/51M7041_1.jpg"",""images/02/51M7041_2.jpg"",""images/02/51M7041_3.jpg"",""images/02/51M7041_4.jpg"",""images/02/51M7041_5.jpg"",""images/02/51M7041_6.jpg""]"
"51M7045","Уплотнительное кольцо John Deere 51M7045","🔧 Уплотнительное кольцо круглого сечения John Deere 51M7045.

Запчасть John Deere для ремонта и обслуживания техники. Подходит для ремонта узла при износе уплотнений, появлении подтеканий или плановом обслуживании.
Продаётся по каталожному номеру 51M7045. Перед заказом рекомендуем сверить номер с вашей старой деталью или каталогом техники.

📌 Основные данные:
• Артикул: 51M7045
• Бренд: John Deere
• Наименование: Уплотнительное кольцо круглого сечения
• Узел: Уплотнения, прокладки и кольца / Уплотнительные кольца и комплекты
• Раздел: Запчасти → Уплотнения и прокладки
• Размеры: длина 2,032 мм; высота 24,13 мм
• Фото: 7 шт.

🚜 Применяемость по данным каталога: 3B-400, 3B-404, 3B-454, 3B-504, 3B-554, 3B-604.

🚚 Работаем с юридическими лицами. Отправляем по России транспортными компаниями.
📲 Для уточнения срока поставки, совместимости и условий отгрузки напишите в сообщения Авито или позвоните.","10","images/02/51M7045_1.jpg","[""images/02/51M7045_1.jpg"",""images/02/51M7045_2.jpg"",""images/02/51M7045_3.jpg"",""images/02/51M7045_4.jpg"",""images/02/51M7045_5.jpg"",""images/02/51M7045_6.jpg"",""images/02/51M7045_7.jpg""]"
"ADX15917","Насос John Deere ADX15917","🔧 Насос John Deere ADX15917.

Запчасть John Deere для ремонта и обслуживания техники. Предназначена для ремонта гидравлического узла и восстановления нормальной работы системы.
Продаётся по каталожному номеру ADX15917. Перед заказом рекомендуем сверить номер с вашей старой деталью или каталогом техники.

📌 Основные данные:
• Артикул: ADX15917
• Бренд: John Deere
• Наименование: Насос
• Узел: Насосы и компрессоры / Насосы
• Раздел: Запчасти → Насосы и компрессоры
• Фото: 1 шт.

🚜 Применяемость по данным каталога: C2 400, C440, S5 300, S5 400, W2 400, W430.

🚚 Работаем с юридическими лицами. Отправляем по России транспортными компаниями.
📲 Для уточнения срока поставки, совместимости и условий отгрузки напишите в сообщения Авито или позвоните.","39000","","[]"
"ADX17318","Насос John Deere ADX17318","🔧 Насос John Deere ADX17318.

Запчасть John Deere для ремонта и обслуживания техники. Предназначена для ремонта гидравлического узла и восстановления нормальной работы системы.
Продаётся по каталожному номеру ADX17318. Перед заказом рекомендуем сверить номер с вашей старой деталью или каталогом техники.

📌 Основные данные:
• Артикул: ADX17318
• Бренд: John Deere
• Наименование: Насос
• Узел: Насосы и компрессоры / Насосы
• Раздел: Запчасти → Насосы и компрессоры
• Вес: 6,273 кг
• Размеры: длина 266,7 мм; ширина 152,4 мм; высота 88,9 мм
• Фото: 1 шт.

🚜 Применяемость по данным каталога: C1 200, C2 300, C2 400, C230, C440, R2 300.

🚚 Работаем с юридическими лицами. Отправляем по России транспортными компаниями.
📲 Для уточнения срока поставки, совместимости и условий отгрузки напишите в сообщения Авито или позвоните.","28600","","[]"
"AE71036","Правый комплект привода John Deere AE71036","🔧 Правый комплект привода режущего аппарата John Deere AE71036.

Запчасть John Deere для ремонта и обслуживания техники. Используется в приводе или трансмиссионном узле, где важно совпадение посадочных размеров и каталожного номера.
Продаётся по каталожному номеру AE71036. Перед заказом рекомендуем сверить номер с вашей старой деталью или каталогом техники.

📌 Основные данные:
• Артикул: AE71036
• Бренд: John Deere
• Наименование: Правый комплект привода режущего аппарата
• Узел: Режущий аппарат / Детали режущего бруса
• Раздел: Запчасти → Режущий аппарат
• Вес: 1,574 кг
• Размеры: длина 254 мм; ширина 218,44 мм; высота 30,48 мм
• Фото: 1 шт.

🚜 Применяемость по данным каталога: 500R, 525, 530, 535, 625, 630.

🚚 Работаем с юридическими лицами. Отправляем по России транспортными компаниями.
📲 Для уточнения срока поставки, совместимости и условий отгрузки напишите в сообщения Авито или позвоните.","19000","images/12/AE71036_1.jpg","[""images/12/AE71036_1.jpg""]"
"AE793E","Крестовина карданного шарнира John Deere AE793E","🔧 Крестовина карданного шарнира John Deere AE793E.

Запчасть John Deere для ремонта и обслуживания техники. Используется в приводе или трансмиссионном узле, где важно совпадение посадочных размеров и каталожного номера.
Продаётся по каталожному номеру AE793E. Перед заказом рекомендуем сверить номер с вашей старой деталью или каталогом техники.

📌 Основные данные:
• Артикул: AE793E
• Бренд: John Deere
• Наименование: Крестовина карданного шарнира
• Узел: Подшипники и втулки / Крестовины и подшипниковые узлы
• Раздел: Запчасти → Подшипники и втулки
• Вес: 0,272 кг
• Размеры: длина 63,5 мм; ширина 63,5 мм; высота 25,4 мм
• Фото: 2 шт.

🚜 Применяемость по данным каталога: 14 BU БУНКЕР, 26, 42 ДЮЙМ., 44 ДЮЙМ. СНЕГООЧИСТИТЕЛИ, 47 ДЮЙМ., 47 ДЮЙМ. УСИЛЕННЫЕ СНЕГООЧИСТИТЕЛИ.

🚚 Работаем с юридическими лицами. Отправляем по России транспортными компаниями.
📲 Для уточнения срока поставки, совместимости и условий отгрузки напишите в сообщения Авито или позвоните.","6200","images/23/AE793E_1.jpg","[""images/23/AE793E_1.jpg"",""images/23/AE793E_2.jpg""]"
"AH140497","Центральный шкив John Deere AH140497","🔧 Центральный шкив John Deere AH140497.

Запчасть John Deere для ремонта и обслуживания техники. Используется в приводе или трансмиссионном узле, где важно совпадение посадочных размеров и каталожного номера.
Продаётся по каталожному номеру AH140497. Перед заказом рекомендуем сверить номер с вашей старой деталью или каталогом техники.

📌 Основные данные:
• Артикул: AH140497
• Бренд: John Deere
• Наименование: Центральный шкив
• Узел: Навесное оборудование двигателя / Вентиляторы и их приводы
• Раздел: Запчасти → Система охлаждения и впуск
• Вес: 0,349 кг
• Размеры: длина 27,94 мм; высота 96,52 мм
• Фото: 5 шт.

🚜 Применяемость по данным каталога: 1165, 1175, 1450, 1470, 1550, 1570.

🚚 Работаем с юридическими лицами. Отправляем по России транспортными компаниями.
📲 Для уточнения срока поставки, совместимости и условий отгрузки напишите в сообщения Авито или позвоните.","5600","images/08/AH140497_1.jpg","[""images/08/AH140497_1.jpg"",""images/08/AH140497_2.jpg"",""images/08/AH140497_3.jpg"",""images/08/AH140497_4.jpg"",""images/08/AH140497_5.jpg""]"
"AH157508","Шток гидроцилиндра John Deere AH157508","🔧 Шток гидроцилиндра John Deere AH157508.

Запчасть John Deere для ремонта и обслуживания техники. Предназначена для ремонта гидравлического узла и восстановления нормальной работы системы.
Продаётся по каталожному номеру AH157508. Перед заказом рекомендуем сверить номер с вашей старой деталью или каталогом техники.

📌 Основные данные:
• Артикул: AH157508
• Бренд: John Deere
• Наименование: Шток гидроцилиндра
• Узел: Гидравлическая система / Детали гидроцилиндров
• Раздел: Запчасти → Гидравлика
• Вес: 6,033 кг
• Размеры: длина 685,8 мм; высота 81,28 мм
• Размеры: объём 7,56 л
• Фото: 5 шт.

🚜 Применяемость по данным каталога: 7M 200, 7M 215, 7M 230, 2204, 6140J, 6140JH.

🚚 Работаем с юридическими лицами. Отправляем по России транспортными компаниями.
📲 Для уточнения срока поставки, совместимости и условий отгрузки напишите в сообщения Авито или позвоните.","105000","images/01/AH157508_1.jpg","[""images/01/AH157508_1.jpg"",""images/01/AH157508_2.jpg"",""images/01/AH157508_3.jpg"",""images/01/AH157508_4.jpg"",""images/01/AH157508_5.jpg""]"
"AH164325","Комплект уплотнений поршня John Deere AH164325","🔧 Комплект уплотнений поршня гидроцилиндра John Deere AH164325.

Запчасть John Deere для ремонта и обслуживания техники. Подходит для ремонта узла при износе уплотнений, появлении подтеканий или плановом обслуживании.
Продаётся по каталожному номеру AH164325. Перед заказом рекомендуем сверить номер с вашей старой деталью или каталогом техники.

📌 Основные данные:
• Артикул: AH164325
• Бренд: John Deere
• Наименование: Комплект уплотнений поршня гидроцилиндра
• Узел: Гидравлическая система / Комплекты гидроцилиндров
• Раздел: Запчасти → Гидравлика
• Вес: 0,009 кг
• Размеры: длина 203,2 мм; ширина 165,1 мм; высота 7,62 мм
• Фото: 1 шт.

🚜 Применяемость по данным каталога: 7R 210, 7R 230, 7R 250, 7R 270, 7R 290, 7R 310.

🚚 Работаем с юридическими лицами. Отправляем по России транспортными компаниями.
📲 Для уточнения срока поставки, совместимости и условий отгрузки напишите в сообщения Авито или позвоните.","4880","images/01/AH164325_1.jpg","[""images/01/AH164325_1.jpg""]"
"AH167316","Гидроцилиндр подъема мотовила John Deere AH167316","🔧 Гидроцилиндр подъема мотовила John Deere AH167316.

Запчасть John Deere для ремонта и обслуживания техники. Предназначена для ремонта гидравлического узла и восстановления нормальной работы системы.
Продаётся по каталожному номеру AH167316. Перед заказом рекомендуем сверить номер с вашей старой деталью или каталогом техники.

📌 Основные данные:
• Артикул: AH167316
• Бренд: John Deere
• Наименование: Гидроцилиндр подъема мотовила
• Узел: Гидравлическая система / Комплекты гидроцилиндров
• Раздел: Запчасти → Гидравлика
• Вес: 3,81 кг
• Размеры: длина 601,98 мм; ширина 81,28 мм; высота 38,1 мм
• Фото: 3 шт.

🚜 Применяемость по данным каталога: 614R, 615F, 615R, 616, 616F, 616R.

🚚 Работаем с юридическими лицами. Отправляем по России транспортными компаниями.
📲 Для уточнения срока поставки, совместимости и условий отгрузки напишите в сообщения Авито или позвоните.","51600","images/01/AH167316_1.jpg","[""images/01/AH167316_1.jpg"",""images/01/AH167316_2.jpg"",""images/01/AH167316_3.jpg""]"
"AH207921","Крестовина карданного шарнира John Deere AH207921","🔧 Крестовина карданного шарнира John Deere AH207921.

Запчасть John Deere для ремонта и обслуживания техники. Используется в приводе или трансмиссионном узле, где важно совпадение посадочных размеров и каталожного номера.
Продаётся по каталожному номеру AH207921. Перед заказом рекомендуем сверить номер с вашей старой деталью или каталогом техники.

📌 Основные данные:
• Артикул: AH207921
• Бренд: John Deere
• Наименование: Крестовина карданного шарнира
• Узел: Подшипники и втулки / Крестовины и подшипниковые узлы
• Раздел: Запчасти → Подшипники и втулки
• Вес: 1,238 кг
• Размеры: длина 111,76 мм; ширина 111,76 мм; высота 40,64 мм
• Фото: 4 шт.

🚜 Применяемость по данным каталога: 606C, 608C, 612C, 9400, 9410, 9450.

🚚 Работаем с юридическими лицами. Отправляем по России транспортными компаниями.
📲 Для уточнения срока поставки, совместимости и условий отгрузки напишите в сообщения Авито или позвоните.","24500","images/23/AH207921_1.jpg","[""images/23/AH207921_1.jpg"",""images/23/AH207921_2.jpg"",""images/23/AH207921_3.jpg"",""images/23/AH207921_4.jpg""]"
"AH208554","Комплект пальцев John Deere AH208554","🔧 Комплект стандартных пальцев ротора-сепаратора TriStream™ John Deere AH208554.

Запчасть John Deere для ремонта и обслуживания техники. Подбирается по каталожному номеру для ремонта техники John Deere.
Продаётся по каталожному номеру AH208554. Перед заказом рекомендуем сверить номер с вашей старой деталью или каталогом техники.

📌 Основные данные:
• Артикул: AH208554
• Бренд: John Deere
• Наименование: Комплект стандартных пальцев ротора-сепаратора TriStream™
• Узел: Детали системы обработки урожая / Детали молотильно-сепарирующего устройства
• Раздел: Запчасти → Детали уборочной техники
• Вес: 5,918 кг
• Размеры: длина 228,6 мм; ширина 160,02 мм; высота 160,02 мм
• Фото: 5 шт.

🚜 Применяемость по данным каталога: 9650 STS, 9660 STS, 9670 STS, 9750 STS, 9760 STS, 9770 STS.

🚚 Работаем с юридическими лицами. Отправляем по России транспортными компаниями.
📲 Для уточнения срока поставки, совместимости и условий отгрузки напишите в сообщения Авито или позвоните.","69000","images/12/AH208554_1.jpg","[""images/12/AH208554_1.jpg"",""images/12/AH208554_2.jpg"",""images/12/AH208554_3.jpg"",""images/12/AH208554_4.jpg"",""images/12/AH208554_5.jpg""]"
"AH214615","Комплект уплотнений штока John Deere AH214615","🔧 Комплект уплотнений штока гидроцилиндра John Deere AH214615.

Запчасть John Deere для ремонта и обслуживания техники. Подходит для ремонта узла при износе уплотнений, появлении подтеканий или плановом обслуживании.
Продаётся по каталожному номеру AH214615. Перед заказом рекомендуем сверить номер с вашей старой деталью или каталогом техники.

📌 Основные данные:
• Артикул: AH214615
• Бренд: John Deere
• Наименование: Комплект уплотнений штока гидроцилиндра
• Узел: Гидравлическая система / Комплекты гидроцилиндров
• Раздел: Запчасти → Гидравлика
• Вес: 0,155 кг
• Размеры: длина 154,94 мм; ширина 128,27 мм; высота 49,53 мм
• Фото: 1 шт.

🚜 Применяемость по данным каталога: 2204, 7185J, 7195J, 7200R, 7205J, 7210J.

🚚 Работаем с юридическими лицами. Отправляем по России транспортными компаниями.
📲 Для уточнения срока поставки, совместимости и условий отгрузки напишите в сообщения Авито или позвоните.","19800","images/01/AH214615_1.jpg","[""images/01/AH214615_1.jpg""]"
"AH214868","Комплект пальцев шнека John Deere AH214868","🔧 Комплект стальных пальцев шнека John Deere AH214868.

Запчасть John Deere для ремонта и обслуживания техники. Используется в приводе или трансмиссионном узле, где важно совпадение посадочных размеров и каталожного номера.
Продаётся по каталожному номеру AH214868. Перед заказом рекомендуем сверить номер с вашей старой деталью или каталогом техники.

📌 Основные данные:
• Артикул: AH214868
• Бренд: John Deere
• Наименование: Комплект стальных пальцев шнека
• Узел: Детали системы обработки урожая / Шнеки и приводы шнеков
• Раздел: Запчасти → Детали уборочной техники
• Вес: 4,931 кг
• Размеры: длина 330,2 мм; ширина 101,6 мм; высота 101,6 мм
• Фото: 3 шт.

🚜 Применяемость по данным каталога: 614R, 615F, 615P, 615R, 616R, 618F.

🚚 Работаем с юридическими лицами. Отправляем по России транспортными компаниями.
📲 Для уточнения срока поставки, совместимости и условий отгрузки напишите в сообщения Авито или позвоните.","25000","images/12/AH214868_1.jpg","[""images/12/AH214868_1.jpg"",""images/12/AH214868_2.jpg"",""images/12/AH214868_3.jpg""]"
"AH218548","Прижимной зажим в сборе John Deere AH218548","🔧 Прижимной зажим в сборе John Deere AH218548.

Запчасть John Deere для ремонта и обслуживания техники. Применяется как крепёжный или опорный элемент в соответствующем узле техники.
Продаётся по каталожному номеру AH218548. Перед заказом рекомендуем сверить номер с вашей старой деталью или каталогом техники.

📌 Основные данные:
• Артикул: AH218548
• Бренд: John Deere
• Наименование: Прижимной зажим в сборе
• Узел: Крепеж / Зажимы и хомуты
• Раздел: Запчасти → Крепёж
• Вес: 0,277 кг
• Размеры: длина 101,6 мм; ширина 69,85 мм; высота 25,4 мм
• Фото: 7 шт.

🚜 Применяемость по данным каталога: 615F, 616, 616F, 616R, 618, 618F.

🚚 Работаем с юридическими лицами. Отправляем по России транспортными компаниями.
📲 Для уточнения срока поставки, совместимости и условий отгрузки напишите в сообщения Авито или позвоните.","1460","images/06/AH218548_1.jpg","[""images/06/AH218548_1.jpg"",""images/06/AH218548_2.jpg"",""images/06/AH218548_3.jpg"",""images/06/AH218548_4.jpg"",""images/06/AH218548_5.jpg"",""images/06/AH218548_6.jpg"",""images/06/AH218548_7.jpg""]"
"AH220398","Качающийся рычаг решета John Deere AH220398","🔧 Качающийся рычаг верхнего решета в сборе John Deere AH220398.

Запчасть John Deere для ремонта и обслуживания техники. Используется при замене изношенной детали в соответствующем узле техники.
Продаётся по каталожному номеру AH220398. Перед заказом рекомендуем сверить номер с вашей старой деталью или каталогом техники.

📌 Основные данные:
• Артикул: AH220398
• Бренд: John Deere
• Наименование: Качающийся рычаг верхнего решета в сборе
• Узел: Детали системы обработки урожая / Детали очистного стана
• Раздел: Запчасти → Детали уборочной техники
• Вес: 1,302 кг
• Размеры: длина 340,36 мм; ширина 66,04 мм; высота 59,69 мм
• Фото: 4 шт.

🚜 Применяемость по данным каталога: 9470 STS, 9570 STS, 9670 STS, 9770 STS, 9870 STS, S4 300.

🚚 Работаем с юридическими лицами. Отправляем по России транспортными компаниями.
📲 Для уточнения срока поставки, совместимости и условий отгрузки напишите в сообщения Авито или позвоните.","12200","images/12/AH220398_1.jpg","[""images/12/AH220398_1.jpg"",""images/12/AH220398_2.jpg"",""images/12/AH220398_3.jpg"",""images/12/AH220398_4.jpg""]"
"AH222366","Качающийся рычаг решета John Deere AH222366","🔧 Качающийся рычаг нижнего решета в сборе John Deere AH222366.

Запчасть John Deere для ремонта и обслуживания техники. Используется при замене изношенной детали в соответствующем узле техники.
Продаётся по каталожному номеру AH222366. Перед заказом рекомендуем сверить номер с вашей старой деталью или каталогом техники.

📌 Основные данные:
• Артикул: AH222366
• Бренд: John Deere
• Наименование: Качающийся рычаг нижнего решета в сборе
• Узел: Детали системы обработки урожая / Детали очистного стана
• Раздел: Запчасти → Детали уборочной техники
• Вес: 2,673 кг
• Размеры: длина 347,98 мм; ширина 152,4 мм; высота 68,58 мм
• Фото: 7 шт.

🚜 Применяемость по данным каталога: 9470 STS, 9570 STS, 9670 STS, 9770 STS, 9870 STS, S7 600.

🚚 Работаем с юридическими лицами. Отправляем по России транспортными компаниями.
📲 Для уточнения срока поставки, совместимости и условий отгрузки напишите в сообщения Авито или позвоните.","16400","images/12/AH222366_1.jpg","[""images/12/AH222366_1.jpg"",""images/12/AH222366_2.jpg"",""images/12/AH222366_3.jpg"",""images/12/AH222366_4.jpg"",""images/12/AH222366_5.jpg"",""images/12/AH222366_6.jpg"",""images/12/AH222366_7.jpg""]"
"AH225672","Комплект картриджных John Deere AH225672","🔧 Комплект картриджных уплотнений John Deere AH225672.

Запчасть John Deere для ремонта и обслуживания техники. Подходит для ремонта узла при износе уплотнений, появлении подтеканий или плановом обслуживании.
Продаётся по каталожному номеру AH225672. Перед заказом рекомендуем сверить номер с вашей старой деталью или каталогом техники.

📌 Основные данные:
• Артикул: AH225672
• Бренд: John Deere
• Наименование: Комплект картриджных уплотнений
• Узел: Уплотнения, прокладки и кольца / Сальники и комплекты уплотнений
• Раздел: Запчасти → Уплотнения и прокладки
• Вес: 0,007 кг
• Размеры: длина 138,43 мм; ширина 107,95 мм; высота 12,7 мм
• Фото: 4 шт.

🚜 Применяемость по данным каталога: 493, 494, 594, 604C, 605C, 606C.

🚚 Работаем с юридическими лицами. Отправляем по России транспортными компаниями.
📲 Для уточнения срока поставки, совместимости и условий отгрузки напишите в сообщения Авито или позвоните.","6640","images/02/AH225672_1.jpg","[""images/02/AH225672_1.jpg"",""images/02/AH225672_2.jpg"",""images/02/AH225672_3.jpg"",""images/02/AH225672_4.jpg""]"
"AH232266","Переднее уплотнение чашки John Deere AH232266","🔧 Переднее уплотнение чашки решета, левое John Deere AH232266.

Запчасть John Deere для ремонта и обслуживания техники. Подходит для ремонта узла при износе уплотнений, появлении подтеканий или плановом обслуживании.
Продаётся по каталожному номеру AH232266. Перед заказом рекомендуем сверить номер с вашей старой деталью или каталогом техники.

📌 Основные данные:
• Артикул: AH232266
• Бренд: John Deere
• Наименование: Переднее уплотнение чашки решета, левое
• Узел: Уплотнения, прокладки и кольца / Сальники и комплекты уплотнений
• Раздел: Запчасти → Уплотнения и прокладки
• Вес: 0,798 кг
• Размеры: длина 383,54 мм; ширина 234,95 мм; высота 19,05 мм
• Фото: 4 шт.

🚜 Применяемость по данным каталога: 9470 STS, 9570 STS, 9670 STS, 9770 STS, 9870 STS, S5 500.

🚚 Работаем с юридическими лицами. Отправляем по России транспортными компаниями.
📲 Для уточнения срока поставки, совместимости и условий отгрузки напишите в сообщения Авито или позвоните.","14200","images/02/AH232266_1.jpg","[""images/02/AH232266_1.jpg"",""images/02/AH232266_2.jpg"",""images/02/AH232266_3.jpg"",""images/02/AH232266_4.jpg""]"
"AH234499","Электромагнитная муфта жатки John Deere AH234499","🔧 Электромагнитная муфта жатки John Deere AH234499.

Запчасть John Deere для ремонта и обслуживания техники. Используется в приводе или трансмиссионном узле, где важно совпадение посадочных размеров и каталожного номера.
Продаётся по каталожному номеру AH234499. Перед заказом рекомендуем сверить номер с вашей старой деталью или каталогом техники.

📌 Основные данные:
• Артикул: AH234499
• Бренд: John Deere
• Наименование: Электромагнитная муфта жатки
• Узел: Трансмиссия / Муфты сцепления и компоненты
• Раздел: Запчасти → Трансмиссия и мосты
• Вес: 22,136 кг
• Размеры: длина 330,2 мм; ширина 330,2 мм; высота 127 мм
• Фото: 1 шт.

🚜 Применяемость по данным каталога: 9450, 9470 STS, 9540, 9550, 9560, 9560 STS.

🚚 Работаем с юридическими лицами. Отправляем по России транспортными компаниями.
📲 Для уточнения срока поставки, совместимости и условий отгрузки напишите в сообщения Авито или позвоните.","224000","images/26/AH234499_1.jpg","[""images/26/AH234499_1.jpg""]"
"AH89023","Внутренний сальник John Deere AH89023","🔧 Внутренний сальник John Deere AH89023.

Запчасть John Deere для ремонта и обслуживания техники. Подходит для ремонта узла при износе уплотнений, появлении подтеканий или плановом обслуживании.
Продаётся по каталожному номеру AH89023. Перед заказом рекомендуем сверить номер с вашей старой деталью или каталогом техники.

📌 Основные данные:
• Артикул: AH89023
• Бренд: John Deere
• Наименование: Внутренний сальник
• Узел: Уплотнения, прокладки и кольца / Сальники и комплекты уплотнений
• Раздел: Запчасти → Уплотнения и прокладки
• Вес: 0,068 кг
• Размеры: длина 10,16 мм; высота 85,09 мм
• Фото: 4 шт.

🚜 Применяемость по данным каталога: 2704, 2854, 2904, 3004, 3204, 6620.

🚚 Работаем с юридическими лицами. Отправляем по России транспортными компаниями.
📲 Для уточнения срока поставки, совместимости и условий отгрузки напишите в сообщения Авито или позвоните.","3300","images/02/AH89023_1.jpg","[""images/02/AH89023_1.jpg"",""images/02/AH89023_2.jpg"",""images/02/AH89023_3.jpg"",""images/02/AH89023_4.jpg""]"
"AHC16372","Комплект уплотнений John Deere AHC16372","🔧 Комплект уплотнений гидроцилиндра John Deere AHC16372.

Запчасть John Deere для ремонта и обслуживания техники. Подходит для ремонта узла при износе уплотнений, появлении подтеканий или плановом обслуживании.
Продаётся по каталожному номеру AHC16372. Перед заказом рекомендуем сверить номер с вашей старой деталью или каталогом техники.

📌 Основные данные:
• Артикул: AHC16372
• Бренд: John Deere
• Наименование: Комплект уплотнений гидроцилиндра
• Узел: Рулевое управление / Комплекты рулевых гидроцилиндров
• Раздел: Запчасти → Уплотнения и прокладки
• Вес: 0,252 кг
• Размеры: длина 172,72 мм; ширина 83,82 мм; высота 40,64 мм
• Фото: 1 шт.

🚜 Применяемость по данным каталога: 7M 200, 7M 215, 7M 230, 2204, 4630, 6170M MONTENEGRO.

🚚 Работаем с юридическими лицами. Отправляем по России транспортными компаниями.
📲 Для уточнения срока поставки, совместимости и условий отгрузки напишите в сообщения Авито или позвоните.","34000","images/01/AHC16372_1.jpg","[""images/01/AHC16372_1.jpg""]"
"AL160517","Крестовина с подшипником John Deere AL160517","🔧 Крестовина с подшипниковым узлом John Deere AL160517.

Запчасть John Deere для ремонта и обслуживания техники. Подходит для замены изношенной опоры вращения или посадочного элемента.
Продаётся по каталожному номеру AL160517. Перед заказом рекомендуем сверить номер с вашей старой деталью или каталогом техники.

📌 Основные данные:
• Артикул: AL160517
• Бренд: John Deere
• Наименование: Крестовина с подшипниковым узлом
• Узел: Подшипники и втулки / Крестовины и подшипниковые узлы
• Раздел: Запчасти → Подшипники и втулки
• Вес: 1,005 кг
• Размеры: длина 35,56 мм; высота 99,06 мм
• Фото: 5 шт.

🚜 Применяемость по данным каталога: 6M 95, 6M 105, 6M 110, 6M 115, 6M 120, 6M 125.

🚚 Работаем с юридическими лицами. Отправляем по России транспортными компаниями.
📲 Для уточнения срока поставки, совместимости и условий отгрузки напишите в сообщения Авито или позвоните.","15200","images/23/AL160517_1.jpg","[""images/23/AL160517_1.jpg"",""images/23/AL160517_2.jpg"",""images/23/AL160517_3.jpg"",""images/23/AL160517_4.jpg"",""images/23/AL160517_5.jpg""]"
"AL161459","Вилка карданного шарнира John Deere AL161459","🔧 Вилка карданного шарнира John Deere AL161459.

Запчасть John Deere для ремонта и обслуживания техники. Используется в приводе или трансмиссионном узле, где важно совпадение посадочных размеров и каталожного номера.
Продаётся по каталожному номеру AL161459. Перед заказом рекомендуем сверить номер с вашей старой деталью или каталогом техники.

📌 Основные данные:
• Артикул: AL161459
• Бренд: John Deere
• Наименование: Вилка карданного шарнира
• Узел: Трансмиссия / Карданные валы
• Раздел: Запчасти → Трансмиссия и мосты
• Вес: 2,041 кг
• Размеры: длина 116,84 мм; ширина 111,76 мм; высота 109,22 мм
• Фото: 1 шт.

🚜 Применяемость по данным каталога: 1354, 1404, 6100D, 6110B, 6110D, 6115D.

🚚 Работаем с юридическими лицами. Отправляем по России транспортными компаниями.
📲 Для уточнения срока поставки, совместимости и условий отгрузки напишите в сообщения Авито или позвоните.","21500","","[]"
"AL165777","Подшипник с литым корпусом John Deere AL165777","🔧 Подшипник с литым корпусом John Deere AL165777.

Запчасть John Deere для ремонта и обслуживания техники. Подходит для замены изношенной опоры вращения или посадочного элемента.
Продаётся по каталожному номеру AL165777. Перед заказом рекомендуем сверить номер с вашей старой деталью или каталогом техники.

📌 Основные данные:
• Артикул: AL165777
• Бренд: John Deere
• Наименование: Подшипник с литым корпусом
• Узел: Подшипники и втулки / Корпуса подшипников
• Раздел: Запчасти → Подшипники и втулки
• Вес: 1,719 кг
• Размеры: длина 142,24 мм; ширина 137,16 мм; высота 55,88 мм
• Фото: 5 шт.

🚜 Применяемость по данным каталога: 6J-1704, 6J-1904, 6M 115, 6M 145, 6M 155, 6M 165.

🚚 Работаем с юридическими лицами. Отправляем по России транспортными компаниями.
📲 Для уточнения срока поставки, совместимости и условий отгрузки напишите в сообщения Авито или позвоните.","5200","images/23/AL165777_1.jpg","[""images/23/AL165777_1.jpg"",""images/23/AL165777_2.jpg"",""images/23/AL165777_3.jpg"",""images/23/AL165777_4.jpg"",""images/23/AL165777_5.jpg""]"
"AL175363","Масляный радиатор John Deere AL175363","🔧 Масляный радиатор John Deere AL175363.

Запчасть John Deere для ремонта и обслуживания техники. Подбирается по каталожному номеру для ремонта техники John Deere.
Продаётся по каталожному номеру AL175363. Перед заказом рекомендуем сверить номер с вашей старой деталью или каталогом техники.

📌 Основные данные:
• Артикул: AL175363
• Бренд: John Deere
• Наименование: Масляный радиатор
• Узел: Навесное оборудование двигателя / Радиаторы и охладители
• Раздел: Запчасти → Система охлаждения и впуск
• Вес: 4,145 кг
• Размеры: длина 424,18 мм; ширина 337,82 мм; высота 88,9 мм
• Фото: 6 шт.

🚜 Применяемость по данным каталога: 6J-1704, 6J-1904, 1854, 1854J, 2054, 6105M.

🚚 Работаем с юридическими лицами. Отправляем по России транспортными компаниями.
📲 Для уточнения срока поставки, совместимости и условий отгрузки напишите в сообщения Авито или позвоните.","109000","images/08/AL175363_1.jpg","[""images/08/AL175363_1.jpg"",""images/08/AL175363_2.jpg"",""images/08/AL175363_3.jpg"",""images/08/AL175363_4.jpg"",""images/08/AL175363_5.jpg"",""images/08/AL175363_6.jpg""]"
"AL177214","Крестовина кардана с John Deere AL177214","🔧 Крестовина карданного шарнира с подшипником John Deere AL177214.

Запчасть John Deere для ремонта и обслуживания техники. Используется в приводе или трансмиссионном узле, где важно совпадение посадочных размеров и каталожного номера.
Продаётся по каталожному номеру AL177214. Перед заказом рекомендуем сверить номер с вашей старой деталью или каталогом техники.

📌 Основные данные:
• Артикул: AL177214
• Бренд: John Deere
• Наименование: Крестовина карданного шарнира с подшипником
• Узел: Подшипники и втулки / Крестовины и подшипниковые узлы
• Раздел: Запчасти → Подшипники и втулки
• Вес: 1,107 кг
• Размеры: длина 109,22 мм; ширина 109,22 мм; высота 106,68 мм
• Фото: 1 шт.

🚜 Применяемость по данным каталога: 6J-1704, 6J-1904, 1854, 1854J, 2054, 6140JH.

🚚 Работаем с юридическими лицами. Отправляем по России транспортными компаниями.
📲 Для уточнения срока поставки, совместимости и условий отгрузки напишите в сообщения Авито или позвоните.","34000","images/23/AL177214_1.jpg","[""images/23/AL177214_1.jpg""]"
"AL177215","Крестовина кардана двойного John Deere AL177215","🔧 Крестовина карданного шарнира двойного вала John Deere AL177215.

Запчасть John Deere для ремонта и обслуживания техники. Используется в приводе или трансмиссионном узле, где важно совпадение посадочных размеров и каталожного номера.
Продаётся по каталожному номеру AL177215. Перед заказом рекомендуем сверить номер с вашей старой деталью или каталогом техники.

📌 Основные данные:
• Артикул: AL177215
• Бренд: John Deere
• Наименование: Крестовина карданного шарнира двойного вала
• Узел: Подшипники и втулки / Крестовины и подшипниковые узлы
• Раздел: Запчасти → Подшипники и втулки
• Вес: 3,003 кг
• Размеры: длина 114,3 мм; высота 133,35 мм
• Фото: 1 шт.

🚜 Применяемость по данным каталога: 1854, 6145J, 6165J, 6170M, 7420, 7515.

🚚 Работаем с юридическими лицами. Отправляем по России транспортными компаниями.
📲 Для уточнения срока поставки, совместимости и условий отгрузки напишите в сообщения Авито или позвоните.","47000","","[]"
"AL180457","Крутильный демпфер John Deere AL180457","🔧 Крутильный демпфер John Deere AL180457.

Запчасть John Deere для ремонта и обслуживания техники. Используется при замене изношенной детали в соответствующем узле техники.
Продаётся по каталожному номеру AL180457. Перед заказом рекомендуем сверить номер с вашей старой деталью или каталогом техники.

📌 Основные данные:
• Артикул: AL180457
• Бренд: John Deere
• Наименование: Крутильный демпфер
• Узел: Навесное оборудование двигателя / Демпферы
• Раздел: Запчасти → Двигатель
• Вес: 7,53 кг
• Размеры: длина 325,12 мм; ширина 312,42 мм; высота 58,42 мм
• Фото: 6 шт.

🚜 Применяемость по данным каталога: 6BH 110, 6E-1504L, 6E-1504PL, 6M 140, 6100, 6125J.

🚚 Работаем с юридическими лицами. Отправляем по России транспортными компаниями.
📲 Для уточнения срока поставки, совместимости и условий отгрузки напишите в сообщения Авито или позвоните.","102000","images/04/AL180457_1.jpg","[""images/04/AL180457_1.jpg"",""images/04/AL180457_2.jpg"",""images/04/AL180457_3.jpg"",""images/04/AL180457_4.jpg"",""images/04/AL180457_5.jpg"",""images/04/AL180457_6.jpg""]"
"AL180458","Крутильный демпфер John Deere AL180458","🔧 Крутильный демпфер John Deere AL180458.

Запчасть John Deere для ремонта и обслуживания техники. Используется при замене изношенной детали в соответствующем узле техники.
Продаётся по каталожному номеру AL180458. Перед заказом рекомендуем сверить номер с вашей старой деталью или каталогом техники.

📌 Основные данные:
• Артикул: AL180458
• Бренд: John Deere
• Наименование: Крутильный демпфер
• Узел: Навесное оборудование двигателя / Демпферы
• Раздел: Запчасти → Двигатель
• Вес: 7,386 кг
• Размеры: длина 48,26 мм; высота 307,34 мм
• Фото: 4 шт.

🚜 Применяемость по данным каталога: 6J-1704, 6J-1904, 6M 145, 6M 155, 6M 165, 6M 175.

🚚 Работаем с юридическими лицами. Отправляем по России транспортными компаниями.
📲 Для уточнения срока поставки, совместимости и условий отгрузки напишите в сообщения Авито или позвоните.","107000","images/04/AL180458_1.jpg","[""images/04/AL180458_1.jpg"",""images/04/AL180458_2.jpg"",""images/04/AL180458_3.jpg"",""images/04/AL180458_4.jpg""]"
"AL201672","Крутильный демпфер John Deere AL201672","🔧 Крутильный демпфер карданного вала John Deere AL201672.

Запчасть John Deere для ремонта и обслуживания техники. Используется в приводе или трансмиссионном узле, где важно совпадение посадочных размеров и каталожного номера.
Продаётся по каталожному номеру AL201672. Перед заказом рекомендуем сверить номер с вашей старой деталью или каталогом техники.

📌 Основные данные:
• Артикул: AL201672
• Бренд: John Deere
• Наименование: Крутильный демпфер карданного вала
• Узел: Трансмиссия / Карданные валы
• Раздел: Запчасти → Трансмиссия и мосты
• Вес: 7,455 кг
• Размеры: длина 48,26 мм; высота 314,96 мм
• Фото: 1 шт.

🚜 Применяемость по данным каталога: 6M 115, 6M 195, 6M 200, 6M 210, 6M 220, 6M 230.

🚚 Работаем с юридическими лицами. Отправляем по России транспортными компаниями.
📲 Для уточнения срока поставки, совместимости и условий отгрузки напишите в сообщения Авито или позвоните.","109000","images/21/AL201672_1.jpg","[""images/21/AL201672_1.jpg""]"
"AL218743","Воздуховод с уплотнением John Deere AL218743","🔧 Воздуховод с уплотнением John Deere AL218743.

Запчасть John Deere для ремонта и обслуживания техники. Подходит для ремонта узла при износе уплотнений, появлении подтеканий или плановом обслуживании.
Продаётся по каталожному номеру AL218743. Перед заказом рекомендуем сверить номер с вашей старой деталью или каталогом техники.

📌 Основные данные:
• Артикул: AL218743
• Бренд: John Deere
• Наименование: Воздуховод с уплотнением
• Узел: Навесное оборудование двигателя / Топливная система
• Раздел: Запчасти → Двигатель
• Вес: 2,273 кг
• Размеры: длина 680,72 мм; ширина 297,18 мм; высота 203,2 мм
• Фото: 1 шт.

🚜 Применяемость по данным каталога: 6J-1704, 6J-1904, 1854, 1854J, 2054, 6165J.

🚚 Работаем с юридическими лицами. Отправляем по России транспортными компаниями.
📲 Для уточнения срока поставки, совместимости и условий отгрузки напишите в сообщения Авито или позвоните.","7300","","[]"
"AL230327","Передний мост John Deere AL230327","🔧 Передний мост John Deere AL230327.

Запчасть John Deere для ремонта и обслуживания техники. Используется при замене изношенной детали в соответствующем узле техники.
Продаётся по каталожному номеру AL230327. Перед заказом рекомендуем сверить номер с вашей старой деталью или каталогом техники.

📌 Основные данные:
• Артикул: AL230327
• Бренд: John Deere
• Наименование: Передний мост
• Узел: Трансмиссия / Оси и компоненты осей
• Раздел: Запчасти → Трансмиссия и мосты
• Фото: 3 шт.

🚜 Применяемость по данным каталога: 6B-1404, 6E-1204, 6E-1504L, 6E-1504PL, 1354, 1404.

🚚 Работаем с юридическими лицами. Отправляем по России транспортными компаниями.
📲 Для уточнения срока поставки, совместимости и условий отгрузки напишите в сообщения Авито или позвоните.","570000","images/17/AL230327_1.jpg","[""images/17/AL230327_1.jpg"",""images/17/AL230327_2.jpg"",""images/17/AL230327_3.jpg""]"
"AMT338","Крестовина кардана с подшипником John Deere AMT338","🔧 Крестовина карданного шарнира с подшипником John Deere AMT338.

Запчасть John Deere для ремонта и обслуживания техники. Используется в приводе или трансмиссионном узле, где важно совпадение посадочных размеров и каталожного номера.
Продаётся по каталожному номеру AMT338. Перед заказом рекомендуем сверить номер с вашей старой деталью или каталогом техники.

📌 Основные данные:
• Артикул: AMT338
• Бренд: John Deere
• Наименование: Крестовина карданного шарнира с подшипником
• Узел: Подшипники и втулки / Крестовины и подшипниковые узлы
• Раздел: Запчасти → Подшипники и втулки
• Вес: 0,268 кг
• Размеры: длина 60,96 мм; ширина 60,96 мм; высота 25,4 мм
• Фото: 2 шт.

🚜 Применяемость по данным каталога: 47 ДЮЙМ. УСИЛЕННЫЕ СНЕГООЧИСТИТЕЛИ, 60, 60 ДЮЙМ. ПЕРЕДНИЙ ОТВАЛ, 60 ДЮЙМ. ПЕРЕДНИЕ ДЕКИ, 60 ДЮЙМ. УСИЛЕННЫЙ СНЕГООЧИСТИТЕЛЬ, 995.

🚚 Работаем с юридическими лицами. Отправляем по России транспортными компаниями.
📲 Для уточнения срока поставки, совместимости и условий отгрузки напишите в сообщения Авито или позвоните.","12672","images/23/AMT338_1.jpg","[""images/23/AMT338_1.jpg"",""images/23/AMT338_2.jpg""]"
"AUC16698","Плоский натяжной ролик John Deere AUC16698","🔧 Плоский натяжной ролик John Deere AUC16698.

Запчасть John Deere для ремонта и обслуживания техники. Используется в приводе или трансмиссионном узле, где важно совпадение посадочных размеров и каталожного номера.
Продаётся по каталожному номеру AUC16698. Перед заказом рекомендуем сверить номер с вашей старой деталью или каталогом техники.

📌 Основные данные:
• Артикул: AUC16698
• Бренд: John Deere
• Наименование: Плоский натяжной ролик
• Узел: Ремни и цепи / Шкивы и ременные приводы
• Раздел: Запчасти → Ремни, цепи и шкивы
• Вес: 0,577 кг
• Размеры: длина 21,082 мм; высота 139,7 мм
• Фото: 6 шт.

🚜 Применяемость по данным каталога: 7 BU БУНКЕР, 14 BU БУНКЕР, 47 ДЮЙМ., 47 ДЮЙМ. СНЕГООЧИСТИТЕЛИ, 48 POWER FLOW, 54.

🚚 Работаем с юридическими лицами. Отправляем по России транспортными компаниями.
📲 Для уточнения срока поставки, совместимости и условий отгрузки напишите в сообщения Авито или позвоните.","3800","images/13/AUC16698_1.jpg","[""images/13/AUC16698_1.jpg"",""images/13/AUC16698_2.jpg"",""images/13/AUC16698_3.jpg"",""images/13/AUC16698_4.jpg"",""images/13/AUC16698_5.jpg"",""images/13/AUC16698_6.jpg""]"
"B15646","Уплотнительное кольцо John Deere B15646","🔧 Уплотнительное кольцо John Deere B15646.

Запчасть John Deere для ремонта и обслуживания техники. Подходит для ремонта узла при износе уплотнений, появлении подтеканий или плановом обслуживании.
Продаётся по каталожному номеру B15646. Перед заказом рекомендуем сверить номер с вашей старой деталью или каталогом техники.

📌 Основные данные:
• Артикул: B15646
• Бренд: John Deere
• Наименование: Уплотнительное кольцо
• Узел: Уплотнения, прокладки и кольца / Уплотнительные кольца и комплекты
• Раздел: Запчасти → Уплотнения и прокладки
• Вес: 0,001 кг
• Размеры: длина 0,762 мм; высота 30,48 мм
• Фото: 3 шт.

🚜 Применяемость по данным каталога: 5-750, 5-754, 5-800, 5-804, 5-900, 5E-854.

🚚 Работаем с юридическими лицами. Отправляем по России транспортными компаниями.
📲 Для уточнения срока поставки, совместимости и условий отгрузки напишите в сообщения Авито или позвоните.","2","images/02/B15646_1.jpg","[""images/02/B15646_1.jpg"",""images/02/B15646_2.jpg"",""images/02/B15646_3.jpg""]"
"CQ29408","Звездочка цепи планетарной John Deere CQ29408","🔧 Звездочка цепи планетарного привода MFWD John Deere CQ29408.

Запчасть John Deere для ремонта и обслуживания техники. Используется в приводе или трансмиссионном узле, где важно совпадение посадочных размеров и каталожного номера.
Продаётся по каталожному номеру CQ29408. Перед заказом рекомендуем сверить номер с вашей старой деталью или каталогом техники.

📌 Основные данные:
• Артикул: CQ29408
• Бренд: John Deere
• Наименование: Звездочка цепи планетарного привода MFWD
• Узел: Ремни и цепи / Цепные приводы и звездочки
• Раздел: Запчасти → Ремни, цепи и шкивы
• Вес: 0,499 кг
• Размеры: длина 38,1 мм; высота 76,2 мм
• Фото: 5 шт.

🚜 Применяемость по данным каталога: 5055E, 5065E, 5075E, 5078E, 5085E, 5090E.

🚚 Работаем с юридическими лицами. Отправляем по России транспортными компаниями.
📲 Для уточнения срока поставки, совместимости и условий отгрузки напишите в сообщения Авито или позвоните.","3200","images/24/CQ29408_1.jpg","[""images/24/CQ29408_1.jpg"",""images/24/CQ29408_2.jpg"",""images/24/CQ29408_3.jpg"",""images/24/CQ29408_4.jpg"",""images/24/CQ29408_5.jpg""]"
"DZ10599","Комплект для капитального John Deere DZ10599","🔧 Комплект для капитального ремонта двигателя John Deere DZ10599.

Запчасть John Deere для ремонта и обслуживания техники. Используется при замене изношенной детали в соответствующем узле техники.
Продаётся по каталожному номеру DZ10599. Перед заказом рекомендуем сверить номер с вашей старой деталью или каталогом техники.

📌 Основные данные:
• Артикул: DZ10599
• Бренд: John Deere
• Наименование: Комплект для капитального ремонта двигателя
• Узел: Детали двигателя / Ремкомплекты
• Раздел: Запчасти → Двигатель
• Вес: 48,988 кг
• Размеры: длина 1033,78 мм; ширина 429,26 мм; высота 330,2 мм
• Фото: 4 шт.

🚜 Применяемость по данным каталога: 8R 410, 350 P, 350D, 350G, 380G, 670 G.

🚚 Работаем с юридическими лицами. Отправляем по России транспортными компаниями.
📲 Для уточнения срока поставки, совместимости и условий отгрузки напишите в сообщения Авито или позвоните.","715000","images/04/DZ10599_1.jpg","[""images/04/DZ10599_1.jpg"",""images/04/DZ10599_2.jpg"",""images/04/DZ10599_3.jpg"",""images/04/DZ10599_4.jpg""]"
"DZ111356","Прокладка головки блока John Deere DZ111356","🔧 Прокладка головки блока цилиндров John Deere DZ111356.

Запчасть John Deere для ремонта и обслуживания техники. Подходит для ремонта узла при износе уплотнений, появлении подтеканий или плановом обслуживании.
Продаётся по каталожному номеру DZ111356. Перед заказом рекомендуем сверить номер с вашей старой деталью или каталогом техники.

📌 Основные данные:
• Артикул: DZ111356
• Бренд: John Deere
• Наименование: Прокладка головки блока цилиндров
• Узел: Детали двигателя / Компоненты головки блока цилиндров
• Раздел: Запчасти → Уплотнения и прокладки
• Вес: 0,5 кг
• Размеры: длина 861,06 мм; ширина 200,66 мм; высота 2,54 мм
• Фото: 8 шт.

🚜 Применяемость по данным каталога: 7R 290, 7R 310, 7R 330, 7R 350, 8R 230, 8R 250.

🚚 Работаем с юридическими лицами. Отправляем по России транспортными компаниями.
📲 Для уточнения срока поставки, совместимости и условий отгрузки напишите в сообщения Авито или позвоните.","18500","images/04/DZ111356_1.jpg","[""images/04/DZ111356_1.jpg"",""images/04/DZ111356_2.jpg"",""images/04/DZ111356_3.jpg"",""images/04/DZ111356_4.jpg"",""images/04/DZ111356_5.jpg"",""images/04/DZ111356_6.jpg"",""images/04/DZ111356_7.jpg"",""images/04/DZ111356_8.jpg""]"
"DZ118311","Трубка высокого давления John Deere DZ118311","🔧 Трубка высокого давления системы впрыска John Deere DZ118311.

Запчасть John Deere для ремонта и обслуживания техники. Предназначена для ремонта гидравлического узла и восстановления нормальной работы системы.
Продаётся по каталожному номеру DZ118311. Перед заказом рекомендуем сверить номер с вашей старой деталью или каталогом техники.

📌 Основные данные:
• Артикул: DZ118311
• Бренд: John Deere
• Наименование: Трубка высокого давления системы впрыска
• Узел: Навесное оборудование двигателя / Топливная система
• Раздел: Запчасти → Двигатель
• Вес: 0,218 кг
• Размеры: длина 406,4 мм; высота 76,2 мм
• Фото: 3 шт.

🚜 Применяемость по данным каталога: 250D, 250D-II, 260E, 300D-II, 300DW, 300WW.

🚚 Работаем с юридическими лицами. Отправляем по России транспортными компаниями.
📲 Для уточнения срока поставки, совместимости и условий отгрузки напишите в сообщения Авито или позвоните.","8400","images/03/DZ118311_1.jpg","[""images/03/DZ118311_1.jpg"",""images/03/DZ118311_2.jpg"",""images/03/DZ118311_3.jpg""]"
"DZ120760","Крышка привода ГРМ John Deere DZ120760","🔧 Крышка привода ГРМ John Deere DZ120760.

Запчасть John Deere для ремонта и обслуживания техники. Используется в приводе или трансмиссионном узле, где важно совпадение посадочных размеров и каталожного номера.
Продаётся по каталожному номеру DZ120760. Перед заказом рекомендуем сверить номер с вашей старой деталью или каталогом техники.

📌 Основные данные:
• Артикул: DZ120760
• Бренд: John Deere
• Наименование: Крышка привода ГРМ
• Узел: Детали двигателя / Крышки привода ГРМ
• Раздел: Запчасти → Двигатель
• Вес: 3,768 кг
• Размеры: длина 523,24 мм; ширина 429,26 мм; высота 68,58 мм
• Фото: 8 шт.

🚜 Применяемость по данным каталога: 350D, 350G, 380G, 670 G, 670 P, 670G.

🚚 Работаем с юридическими лицами. Отправляем по России транспортными компаниями.
📲 Для уточнения срока поставки, совместимости и условий отгрузки напишите в сообщения Авито или позвоните.","25700","images/04/DZ120760_1.jpg","[""images/04/DZ120760_1.jpg"",""images/04/DZ120760_2.jpg"",""images/04/DZ120760_3.jpg"",""images/04/DZ120760_4.jpg"",""images/04/DZ120760_5.jpg"",""images/04/DZ120760_6.jpg"",""images/04/DZ120760_7.jpg"",""images/04/DZ120760_8.jpg""]"
"E127010","Зубчатый ремень привода John Deere E127010","🔧 Зубчатый ремень привода кондиционера секции HB, рабочая длина 1700 мм John Deere E127010.

Запчасть John Deere для ремонта и обслуживания техники. Используется в приводе или трансмиссионном узле, где важно совпадение посадочных размеров и каталожного номера.
Продаётся по каталожному номеру E127010. Перед заказом рекомендуем сверить номер с вашей старой деталью или каталогом техники.

📌 Основные данные:
• Артикул: E127010
• Бренд: John Deere
• Наименование: Зубчатый ремень привода кондиционера секции HB, рабочая длина 1700 мм
• Узел: Ремни и цепи / Ремни
• Раздел: Запчасти → Ремни, цепи и шкивы
• Вес: 1,397 кг
• Размеры: длина 76,2 мм; высота 584,2 мм
• Фото: 6 шт.

🚜 Применяемость по данным каталога: 995.

🚚 Работаем с юридическими лицами. Отправляем по России транспортными компаниями.
📲 Для уточнения срока поставки, совместимости и условий отгрузки напишите в сообщения Авито или позвоните.","32000","images/13/E127010_1.jpg","[""images/13/E127010_1.jpg"",""images/13/E127010_2.jpg"",""images/13/E127010_3.jpg"",""images/13/E127010_4.jpg"",""images/13/E127010_5.jpg"",""images/13/E127010_7.jpg""]"
"E81542","Фланцевый корпус подшипника на John Deere E81542","🔧 Фланцевый корпус подшипника на 6 отверстий John Deere E81542.

Запчасть John Deere для ремонта и обслуживания техники. Подходит для замены изношенной опоры вращения или посадочного элемента.
Продаётся по каталожному номеру E81542. Перед заказом рекомендуем сверить номер с вашей старой деталью или каталогом техники.

📌 Основные данные:
• Артикул: E81542
• Бренд: John Deere
• Наименование: Фланцевый корпус подшипника на 6 отверстий
• Узел: Подшипники и втулки / Корпуса подшипников
• Раздел: Запчасти → Подшипники и втулки
• Вес: 0,358 кг
• Размеры: длина 148,59 мм; ширина 121,92 мм; высота 12,7 мм
• Фото: 7 шт.

🚜 Применяемость по данным каталога: 500R, 525, 530, 535, 625, 630.

🚚 Работаем с юридическими лицами. Отправляем по России транспортными компаниями.
📲 Для уточнения срока поставки, совместимости и условий отгрузки напишите в сообщения Авито или позвоните.","2700","images/23/E81542_1.jpg","[""images/23/E81542_1.jpg"",""images/23/E81542_2.jpg"",""images/23/E81542_3.jpg"",""images/23/E81542_4.jpg"",""images/23/E81542_5.jpg"",""images/23/E81542_6.jpg"",""images/23/E81542_7.jpg""]"
"E84240","Шкив привода импеллерного John Deere E84240","🔧 Шкив привода импеллерного кондиционера John Deere E84240.

Запчасть John Deere для ремонта и обслуживания техники. Используется в приводе или трансмиссионном узле, где важно совпадение посадочных размеров и каталожного номера.
Продаётся по каталожному номеру E84240. Перед заказом рекомендуем сверить номер с вашей старой деталью или каталогом техники.

📌 Основные данные:
• Артикул: E84240
• Бренд: John Deere
• Наименование: Шкив привода импеллерного кондиционера
• Узел: Ремни и цепи / Шкивы и ременные приводы
• Раздел: Запчасти → Ремни, цепи и шкивы
• Вес: 6,196 кг
• Размеры: длина 83,82 мм; высота 193,04 мм
• Фото: 4 шт.

🚜 Применяемость по данным каталога: 946, 956, 990, 994, 995, C450.

🚚 Работаем с юридическими лицами. Отправляем по России транспортными компаниями.
📲 Для уточнения срока поставки, совместимости и условий отгрузки напишите в сообщения Авито или позвоните.","48500","images/13/E84240_1.jpg","[""images/13/E84240_1.jpg"",""images/13/E84240_2.jpg"",""images/13/E84240_3.jpg"",""images/13/E84240_4.jpg""]"
"E85268","Шкив привода вальцов John Deere E85268","🔧 Шкив привода вальцов кондиционера John Deere E85268.

Запчасть John Deere для ремонта и обслуживания техники. Используется в приводе или трансмиссионном узле, где важно совпадение посадочных размеров и каталожного номера.
Продаётся по каталожному номеру E85268. Перед заказом рекомендуем сверить номер с вашей старой деталью или каталогом техники.

📌 Основные данные:
• Артикул: E85268
• Бренд: John Deere
• Наименование: Шкив привода вальцов кондиционера
• Узел: Ремни и цепи / Шкивы и ременные приводы
• Раздел: Запчасти → Трансмиссия и мосты
• Вес: 7,67 кг
• Размеры: длина 88,9 мм; высота 228,6 мм
• Фото: 2 шт.

🚜 Применяемость по данным каталога: 946, 956, 990, 994, 995, C450.

🚚 Работаем с юридическими лицами. Отправляем по России транспортными компаниями.
📲 Для уточнения срока поставки, совместимости и условий отгрузки напишите в сообщения Авито или позвоните.","51000","images/20/E85268_1.jpg","[""images/20/E85268_1.jpg"",""images/20/E85268_2.jpg""]"
"FH328287","Цилиндрическая прямозубая John Deere FH328287","🔧 Цилиндрическая прямозубая шестерня John Deere FH328287.

Запчасть John Deere для ремонта и обслуживания техники. Используется в приводе или трансмиссионном узле, где важно совпадение посадочных размеров и каталожного номера.
Продаётся по каталожному номеру FH328287. Перед заказом рекомендуем сверить номер с вашей старой деталью или каталогом техники.

📌 Основные данные:
• Артикул: FH328287
• Бренд: John Deere
• Наименование: Цилиндрическая прямозубая шестерня
• Узел: Трансмиссия / Шестерни и корпуса редукторов
• Раздел: Запчасти → Трансмиссия и мосты
• Вес: 1,678 кг
• Размеры: длина 86,36 мм; высота 114,3 мм
• Фото: 5 шт.

🚜 Применяемость по данным каталога: 500R, 525, 530, 535, 625, 630.

🚚 Работаем с юридическими лицами. Отправляем по России транспортными компаниями.
📲 Для уточнения срока поставки, совместимости и условий отгрузки напишите в сообщения Авито или позвоните.","74000","images/24/FH328287_1.jpg","[""images/24/FH328287_1.jpg"",""images/24/FH328287_2.jpg"",""images/24/FH328287_3.jpg"",""images/24/FH328287_4.jpg"",""images/24/FH328287_5.jpg""]"
"H171399","Кронштейн потенциометра John Deere H171399","🔧 Кронштейн потенциометра John Deere H171399.

Запчасть John Deere для ремонта и обслуживания техники. Применяется как крепёжный или опорный элемент в соответствующем узле техники.
Продаётся по каталожному номеру H171399. Перед заказом рекомендуем сверить номер с вашей старой деталью или каталогом техники.

📌 Основные данные:
• Артикул: H171399
• Бренд: John Deere
• Наименование: Кронштейн потенциометра
• Узел: Кузовные и листовые детали / Кронштейны и комплекты кронштейнов
• Раздел: Запчасти → Крепёж и крепления
• Вес: 0,086 кг
• Размеры: длина 93,98 мм; ширина 50,8 мм; высота 40,64 мм
• Фото: 2 шт.

🚜 Применяемость по данным каталога: 614R, 615F, 615R, 616, 616R, 618F.

🚚 Работаем с юридическими лицами. Отправляем по России транспортными компаниями.
📲 Для уточнения срока поставки, совместимости и условий отгрузки напишите в сообщения Авито или позвоните.","4800","images/26/H171399_1.jpg","[""images/26/H171399_1.jpg"",""images/26/H171399_2.jpg""]"
"H202409","Колпачок композитного пальца John Deere H202409","🔧 Колпачок композитного пальца шнека John Deere H202409.

Запчасть John Deere для ремонта и обслуживания техники. Используется в приводе или трансмиссионном узле, где важно совпадение посадочных размеров и каталожного номера.
Продаётся по каталожному номеру H202409. Перед заказом рекомендуем сверить номер с вашей старой деталью или каталогом техники.

📌 Основные данные:
• Артикул: H202409
• Бренд: John Deere
• Наименование: Колпачок композитного пальца шнека
• Узел: Детали системы обработки урожая / Шнеки и приводы шнеков
• Раздел: Запчасти → Детали уборочной техники
• Вес: 0,064 кг
• Размеры: длина 93,98 мм; ширина 63,5 мм; высота 38,1 мм
• Фото: 7 шт.

🚜 Применяемость по данным каталога: 615F, 615P, 616F, 616R, 618F, 618R.

🚚 Работаем с юридическими лицами. Отправляем по России транспортными компаниями.
📲 Для уточнения срока поставки, совместимости и условий отгрузки напишите в сообщения Авито или позвоните.","1360","images/12/H202409_1.jpg","[""images/12/H202409_1.jpg"",""images/12/H202409_2.jpg"",""images/12/H202409_3.jpg"",""images/12/H202409_4.jpg"",""images/12/H202409_5.jpg"",""images/12/H202409_6.jpg"",""images/12/H202409_7.jpg""]"
"H223211","Внутренняя половина шкива John Deere H223211","🔧 Внутренняя половина шкива привода наклонной камеры John Deere H223211.

Запчасть John Deere для ремонта и обслуживания техники. Используется в приводе или трансмиссионном узле, где важно совпадение посадочных размеров и каталожного номера.
Продаётся по каталожному номеру H223211. Перед заказом рекомендуем сверить номер с вашей старой деталью или каталогом техники.

📌 Основные данные:
• Артикул: H223211
• Бренд: John Deere
• Наименование: Внутренняя половина шкива привода наклонной камеры
• Узел: Детали системы обработки урожая / Детали наклонной камеры
• Раздел: Запчасти → Детали уборочной техники
• Вес: 14,545 кг
• Размеры: длина 152,4 мм; высота 360,68 мм
• Фото: 6 шт.

🚜 Применяемость по данным каталога: 9660, 9660 STS, 9670 STS, 9760 STS, 9770 STS, 9860 STS.

🚚 Работаем с юридическими лицами. Отправляем по России транспортными компаниями.
📲 Для уточнения срока поставки, совместимости и условий отгрузки напишите в сообщения Авито или позвоните.","94000","images/13/H223211_1.jpg","[""images/13/H223211_1.jpg"",""images/13/H223211_2.jpg"",""images/13/H223211_3.jpg"",""images/13/H223211_4.jpg"",""images/13/H223211_5.jpg"",""images/13/H223211_6.jpg""]"
"H234546","кулачок привода очистного стана John Deere H234546","🔧 Наружный правый кулачок привода очистного стана John Deere H234546.

Запчасть John Deere для ремонта и обслуживания техники. Используется в приводе или трансмиссионном узле, где важно совпадение посадочных размеров и каталожного номера.
Продаётся по каталожному номеру H234546. Перед заказом рекомендуем сверить номер с вашей старой деталью или каталогом техники.

📌 Основные данные:
• Артикул: H234546
• Бренд: John Deere
• Наименование: Наружный правый кулачок привода очистного стана
• Узел: Детали системы обработки урожая / Детали молотильно-сепарирующего устройства
• Раздел: Запчасти → Детали уборочной техники
• Вес: 1,066 кг
• Размеры: длина 43,18 мм; высота 101,6 мм
• Фото: 6 шт.

🚜 Применяемость по данным каталога: 9470 STS, 9560 STS, 9570 STS, 9650 STS, 9660 STS, 9670 STS.

🚚 Работаем с юридическими лицами. Отправляем по России транспортными компаниями.
📲 Для уточнения срока поставки, совместимости и условий отгрузки напишите в сообщения Авито или позвоните.","9800","images/12/H234546_1.jpg","[""images/12/H234546_1.jpg"",""images/12/H234546_2.jpg"",""images/12/H234546_3.jpg"",""images/12/H234546_4.jpg"",""images/12/H234546_5.jpg"",""images/12/H234546_6.jpg""]"
"H234547","кулачок привода очистного стана John Deere H234547","🔧 Наружный левый кулачок привода очистного стана John Deere H234547.

Запчасть John Deere для ремонта и обслуживания техники. Используется в приводе или трансмиссионном узле, где важно совпадение посадочных размеров и каталожного номера.
Продаётся по каталожному номеру H234547. Перед заказом рекомендуем сверить номер с вашей старой деталью или каталогом техники.

📌 Основные данные:
• Артикул: H234547
• Бренд: John Deere
• Наименование: Наружный левый кулачок привода очистного стана
• Узел: Детали системы обработки урожая / Детали очистного стана
• Раздел: Запчасти → Детали уборочной техники
• Вес: 1,107 кг
• Размеры: длина 43,18 мм; высота 101,6 мм
• Фото: 6 шт.

🚜 Применяемость по данным каталога: 9470 STS, 9560 STS, 9570 STS, 9650 STS, 9660 STS, 9670 STS.

🚚 Работаем с юридическими лицами. Отправляем по России транспортными компаниями.
📲 Для уточнения срока поставки, совместимости и условий отгрузки напишите в сообщения Авито или позвоните.","10300","images/12/H234547_1.jpg","[""images/12/H234547_1.jpg"",""images/12/H234547_2.jpg"",""images/12/H234547_3.jpg"",""images/12/H234547_4.jpg"",""images/12/H234547_5.jpg"",""images/12/H234547_6.jpg""]"
"HXE19303","Шлицевая переключающая John Deere HXE19303","🔧 Шлицевая переключающая ступица ведомого вала измельчителя John Deere HXE19303.

Запчасть John Deere для ремонта и обслуживания техники. Используется в приводе или трансмиссионном узле, где важно совпадение посадочных размеров и каталожного номера.
Продаётся по каталожному номеру HXE19303. Перед заказом рекомендуем сверить номер с вашей старой деталью или каталогом техники.

📌 Основные данные:
• Артикул: HXE19303
• Бренд: John Deere
• Наименование: Шлицевая переключающая ступица ведомого вала измельчителя
• Узел: Колеса, шины и гусеницы / Ступицы
• Раздел: Запчасти → Трансмиссия и мосты
• Вес: 0,398 кг
• Размеры: длина 30,48 мм; высота 85,09 мм
• Фото: 2 шт.

🚜 Применяемость по данным каталога: S650, S660, S660 КОМПЛЕКТЫ ТОЧНОГО ЗЕМЛЕДЕЛИЯ, S670, S670 КОМПЛЕКТЫ ТОЧНОГО ЗЕМЛЕДЕЛИЯ, S670H.

🚚 Работаем с юридическими лицами. Отправляем по России транспортными компаниями.
📲 Для уточнения срока поставки, совместимости и условий отгрузки напишите в сообщения Авито или позвоните.","15200","images/17/HXE19303_1.jpg","[""images/17/HXE19303_1.jpg"",""images/17/HXE19303_2.jpg""]"
"JD10269","Цилиндрический роликовый John Deere JD10269","🔧 Цилиндрический роликовый подшипник John Deere JD10269.

Запчасть John Deere для ремонта и обслуживания техники. Предназначена для ремонта гидравлического узла и восстановления нормальной работы системы.
Продаётся по каталожному номеру JD10269. Перед заказом рекомендуем сверить номер с вашей старой деталью или каталогом техники.

📌 Основные данные:
• Артикул: JD10269
• Бренд: John Deere
• Наименование: Цилиндрический роликовый подшипник
• Узел: Подшипники и втулки / Роликовые подшипники
• Раздел: Запчасти → Подшипники и втулки
• Вес: 0,145 кг
• Размеры: длина 15,24 мм; высота 93,98 мм
• Фото: 1 шт.

🚜 Применяемость по данным каталога: 6J-1704, 6J-1904, 6M 95, 6M 105, 6M 110, 6M 115.

🚚 Работаем с юридическими лицами. Отправляем по России транспортными компаниями.
📲 Для уточнения срока поставки, совместимости и условий отгрузки напишите в сообщения Авито или позвоните.","5500","images/23/JD10269_1.jpg","[""images/23/JD10269_1.jpg""]"
"JD7378","Конус роликового подшипника John Deere JD7378","🔧 Конус роликового подшипника John Deere JD7378.

Запчасть John Deere для ремонта и обслуживания техники. Подходит для замены изношенной опоры вращения или посадочного элемента.
Продаётся по каталожному номеру JD7378. Перед заказом рекомендуем сверить номер с вашей старой деталью или каталогом техники.

📌 Основные данные:
• Артикул: JD7378
• Бренд: John Deere
• Наименование: Конус роликового подшипника
• Узел: Подшипники и втулки / Детали подшипников
• Раздел: Запчасти → Подшипники и втулки
• Вес: 0,717 кг
• Размеры: длина 30,48 мм; высота 104,14 мм
• Фото: 7 шт.

🚜 Применяемость по данным каталога: 6J-1704, 6J-1904, 6M 95, 6M 105, 6M 110, 6M 115.

🚚 Работаем с юридическими лицами. Отправляем по России транспортными компаниями.
📲 Для уточнения срока поставки, совместимости и условий отгрузки напишите в сообщения Авито или позвоните.","8900","images/23/JD7378_1.jpg","[""images/23/JD7378_1.jpg"",""images/23/JD7378_2.jpg"",""images/23/JD7378_3.jpg"",""images/23/JD7378_4.jpg"",""images/23/JD7378_5.jpg"",""images/23/JD7378_6.jpg"",""images/23/JD7378_7.jpg""]"
"JD7446","Наружное кольцо конического John Deere JD7446","🔧 Наружное кольцо конического роликового подшипника John Deere JD7446.

Запчасть John Deere для ремонта и обслуживания техники. Подходит для ремонта узла при износе уплотнений, появлении подтеканий или плановом обслуживании.
Продаётся по каталожному номеру JD7446. Перед заказом рекомендуем сверить номер с вашей старой деталью или каталогом техники.

📌 Основные данные:
• Артикул: JD7446
• Бренд: John Deere
• Наименование: Наружное кольцо конического роликового подшипника
• Узел: Подшипники и втулки / Детали подшипников
• Раздел: Запчасти → Подшипники и втулки
• Вес: 0,34 кг
• Размеры: длина 25,4 мм; высота 114,3 мм
• Фото: 5 шт.

🚜 Применяемость по данным каталога: 7R 210, 7R 230, 7R 250, 7R 270, 7R 290, 7R 310.

🚚 Работаем с юридическими лицами. Отправляем по России транспортными компаниями.
📲 Для уточнения срока поставки, совместимости и условий отгрузки напишите в сообщения Авито или позвоните.","4980","images/23/JD7446_1.jpg","[""images/23/JD7446_1.jpg"",""images/23/JD7446_2.jpg"",""images/23/JD7446_3.jpg"",""images/23/JD7446_4.jpg"",""images/23/JD7446_5.jpg""]"
"JD8130","Внутреннее кольцо конического John Deere JD8130","🔧 Внутреннее кольцо конического роликового подшипника John Deere JD8130.

Запчасть John Deere для ремонта и обслуживания техники. Подходит для ремонта узла при износе уплотнений, появлении подтеканий или плановом обслуживании.
Продаётся по каталожному номеру JD8130. Перед заказом рекомендуем сверить номер с вашей старой деталью или каталогом техники.

📌 Основные данные:
• Артикул: JD8130
• Бренд: John Deere
• Наименование: Внутреннее кольцо конического роликового подшипника
• Узел: Подшипники и втулки / Детали подшипников
• Раздел: Запчасти → Подшипники и втулки
• Вес: 0,807 кг
• Размеры: длина 30,48 мм; высота 99,06 мм
• Фото: 7 шт.

🚜 Применяемость по данным каталога: 7R 210, 7R 230, 7R 250, 7R 270, 7R 290, 7R 310.

🚚 Работаем с юридическими лицами. Отправляем по России транспортными компаниями.
📲 Для уточнения срока поставки, совместимости и условий отгрузки напишите в сообщения Авито или позвоните.","11800","images/23/JD8130_1.jpg","[""images/23/JD8130_1.jpg"",""images/23/JD8130_2.jpg"",""images/23/JD8130_3.jpg"",""images/23/JD8130_4.jpg"",""images/23/JD8130_5.jpg"",""images/23/JD8130_6.jpg"",""images/23/JD8130_7.jpg""]"
"JD8138","Внутреннее кольцо конического John Deere JD8138","🔧 Внутреннее кольцо конического роликового подшипника John Deere JD8138.

Запчасть John Deere для ремонта и обслуживания техники. Подходит для ремонта узла при износе уплотнений, появлении подтеканий или плановом обслуживании.
Продаётся по каталожному номеру JD8138. Перед заказом рекомендуем сверить номер с вашей старой деталью или каталогом техники.

📌 Основные данные:
• Артикул: JD8138
• Бренд: John Deere
• Наименование: Внутреннее кольцо конического роликового подшипника
• Узел: Подшипники и втулки / Детали подшипников
• Раздел: Запчасти → Подшипники и втулки
• Вес: 0,862 кг
• Размеры: длина 30,48 мм; высота 99,06 мм
• Фото: 5 шт.

🚜 Применяемость по данным каталога: 8R 230, 8R 250, 8R 280, 8R 310, 8R 340, 8R 370.

🚚 Работаем с юридическими лицами. Отправляем по России транспортными компаниями.
📲 Для уточнения срока поставки, совместимости и условий отгрузки напишите в сообщения Авито или позвоните.","10500","images/23/JD8138_1.jpg","[""images/23/JD8138_1.jpg"",""images/23/JD8138_2.jpg"",""images/23/JD8138_3.jpg"",""images/23/JD8138_4.jpg"",""images/23/JD8138_5.jpg""]"
"JD8191","Конус роликового подшипника John Deere JD8191","🔧 Конус роликового подшипника John Deere JD8191.

Запчасть John Deere для ремонта и обслуживания техники. Подходит для замены изношенной опоры вращения или посадочного элемента.
Продаётся по каталожному номеру JD8191. Перед заказом рекомендуем сверить номер с вашей старой деталью или каталогом техники.

📌 Основные данные:
• Артикул: JD8191
• Бренд: John Deere
• Наименование: Конус роликового подшипника
• Узел: Подшипники и втулки / Детали подшипников
• Раздел: Запчасти → Подшипники и втулки
• Вес: 0,973 кг
• Размеры: длина 35,56 мм; высота 127 мм
• Фото: 7 шт.

🚜 Применяемость по данным каталога: 6J-1704, 6J-1904, 6M 95, 6M 105, 6M 110, 6M 115.

🚚 Работаем с юридическими лицами. Отправляем по России транспортными компаниями.
📲 Для уточнения срока поставки, совместимости и условий отгрузки напишите в сообщения Авито или позвоните.","11700","images/23/JD8191_1.jpg","[""images/23/JD8191_1.jpg"",""images/23/JD8191_2.jpg"",""images/23/JD8191_3.jpg"",""images/23/JD8191_4.jpg"",""images/23/JD8191_5.jpg"",""images/23/JD8191_6.jpg"",""images/23/JD8191_7.jpg""]"
"JD8248","Наружное кольцо подшипника John Deere JD8248","🔧 Наружное кольцо подшипника John Deere JD8248.

Запчасть John Deere для ремонта и обслуживания техники. Подходит для ремонта узла при износе уплотнений, появлении подтеканий или плановом обслуживании.
Продаётся по каталожному номеру JD8248. Перед заказом рекомендуем сверить номер с вашей старой деталью или каталогом техники.

📌 Основные данные:
• Артикул: JD8248
• Бренд: John Deere
• Наименование: Наружное кольцо подшипника
• Узел: Подшипники и втулки / Детали подшипников
• Раздел: Запчасти → Подшипники и втулки
• Вес: 1,034 кг
• Размеры: длина 30,48 мм; высота 152,4 мм
• Фото: 5 шт.

🚜 Применяемость по данным каталога: 6J-1704, 6J-1904, 6M 95, 6M 105, 6M 110, 6M 115.

🚚 Работаем с юридическими лицами. Отправляем по России транспортными компаниями.
📲 Для уточнения срока поставки, совместимости и условий отгрузки напишите в сообщения Авито или позвоните.","9990","images/23/JD8248_1.jpg","[""images/23/JD8248_1.jpg"",""images/23/JD8248_2.jpg"",""images/23/JD8248_3.jpg"",""images/23/JD8248_4.jpg"",""images/23/JD8248_5.jpg""]"
"JD8951","Внутреннее кольцо конического John Deere JD8951","🔧 Внутреннее кольцо конического роликового подшипника John Deere JD8951.

Запчасть John Deere для ремонта и обслуживания техники. Подходит для ремонта узла при износе уплотнений, появлении подтеканий или плановом обслуживании.
Продаётся по каталожному номеру JD8951. Перед заказом рекомендуем сверить номер с вашей старой деталью или каталогом техники.

📌 Основные данные:
• Артикул: JD8951
• Бренд: John Deere
• Наименование: Внутреннее кольцо конического роликового подшипника
• Узел: Подшипники и втулки / Детали подшипников
• Раздел: Запчасти → Подшипники и втулки
• Вес: 1,728 кг
• Размеры: длина 38,1 мм; высота 143,51 мм
• Фото: 7 шт.

🚜 Применяемость по данным каталога: 6J-1704, 6J-1904, 6M 95, 6M 105, 6M 110, 6M 115.

🚚 Работаем с юридическими лицами. Отправляем по России транспортными компаниями.
📲 Для уточнения срока поставки, совместимости и условий отгрузки напишите в сообщения Авито или позвоните.","20200","images/23/JD8951_1.jpg","[""images/23/JD8951_1.jpg"",""images/23/JD8951_2.jpg"",""images/23/JD8951_3.jpg"",""images/23/JD8951_4.jpg"",""images/23/JD8951_5.jpg"",""images/23/JD8951_6.jpg"",""images/23/JD8951_7.jpg""]"
"JD9021","Наружное кольцо подшипника John Deere JD9021","🔧 Наружное кольцо подшипника John Deere JD9021.

Запчасть John Deere для ремонта и обслуживания техники. Подходит для ремонта узла при износе уплотнений, появлении подтеканий или плановом обслуживании.
Продаётся по каталожному номеру JD9021. Перед заказом рекомендуем сверить номер с вашей старой деталью или каталогом техники.

📌 Основные данные:
• Артикул: JD9021
• Бренд: John Deere
• Наименование: Наружное кольцо подшипника
• Узел: Подшипники и втулки / Детали подшипников
• Раздел: Запчасти → Подшипники и втулки
• Вес: 0,621 кг
• Размеры: длина 33,02 мм; высота 124,46 мм
• Фото: 7 шт.

🚜 Применяемость по данным каталога: 8R 230, 8R 250, 8R 280, 8R 310, 8R 340, 8R 370.

🚚 Работаем с юридическими лицами. Отправляем по России транспортными компаниями.
📲 Для уточнения срока поставки, совместимости и условий отгрузки напишите в сообщения Авито или позвоните.","7200","images/23/JD9021_1.jpg","[""images/23/JD9021_1.jpg"",""images/23/JD9021_2.jpg"",""images/23/JD9021_3.jpg"",""images/23/JD9021_4.jpg"",""images/23/JD9021_5.jpg"",""images/23/JD9021_6.jpg"",""images/23/JD9021_7.jpg""]"
"JD9036","Внутреннее кольцо конического John Deere JD9036","🔧 Внутреннее кольцо конического роликового подшипника John Deere JD9036.

Запчасть John Deere для ремонта и обслуживания техники. Подходит для ремонта узла при износе уплотнений, появлении подтеканий или плановом обслуживании.
Продаётся по каталожному номеру JD9036. Перед заказом рекомендуем сверить номер с вашей старой деталью или каталогом техники.

📌 Основные данные:
• Артикул: JD9036
• Бренд: John Deere
• Наименование: Внутреннее кольцо конического роликового подшипника
• Узел: Подшипники и втулки / Детали подшипников
• Раздел: Запчасти → Подшипники и втулки
• Вес: 1,474 кг
• Размеры: длина 40,64 мм; высота 114,3 мм
• Фото: 5 шт.

🚜 Применяемость по данным каталога: 8R 230, 8R 250, 8R 280, 8R 310, 8R 340, 8R 370.

🚚 Работаем с юридическими лицами. Отправляем по России транспортными компаниями.
📲 Для уточнения срока поставки, совместимости и условий отгрузки напишите в сообщения Авито или позвоните.","12800","images/23/JD9036_1.jpg","[""images/23/JD9036_1.jpg"",""images/23/JD9036_2.jpg"",""images/23/JD9036_3.jpg"",""images/23/JD9036_4.jpg"",""images/23/JD9036_5.jpg""]"
"KXE10255","Комплект зубчатых ножей John Deere KXE10255","🔧 Комплект зубчатых ножей ротора измельчителя (8 крыльчатых ножей) John Deere KXE10255.

Запчасть John Deere для ремонта и обслуживания техники. Используется при замене изношенной детали в соответствующем узле техники.
Продаётся по каталожному номеру KXE10255. Перед заказом рекомендуем сверить номер с вашей старой деталью или каталогом техники.

📌 Основные данные:
• Артикул: KXE10255
• Бренд: John Deere
• Наименование: Комплект зубчатых ножей ротора измельчителя (8 крыльчатых ножей)
• Узел: Система измельчения растительных остатков / Детали разбрасывателя соломы
• Раздел: Запчасти → Детали уборочной техники
• Вес: 3,674 кг
• Размеры: длина 340,36 мм; ширина 106,68 мм; высота 99,06 мм
• Фото: 4 шт.

🚜 Применяемость по данным каталога: S650, S660, S660 КОМПЛЕКТЫ ТОЧНОГО ЗЕМЛЕДЕЛИЯ, S670, S670 КОМПЛЕКТЫ ТОЧНОГО ЗЕМЛЕДЕЛИЯ, S670H.

🚚 Работаем с юридическими лицами. Отправляем по России транспортными компаниями.
📲 Для уточнения срока поставки, совместимости и условий отгрузки напишите в сообщения Авито или позвоните.","8200","images/12/KXE10255_1.jpg","[""images/12/KXE10255_1.jpg"",""images/12/KXE10255_2.jpg"",""images/12/KXE10255_3.jpg"",""images/12/KXE10255_4.jpg""]"
"L158185","Палец крепления нижней тяги John Deere L158185","🔧 Палец крепления нижней тяги John Deere L158185.

Запчасть John Deere для ремонта и обслуживания техники. Применяется как крепёжный или опорный элемент в соответствующем узле техники.
Продаётся по каталожному номеру L158185. Перед заказом рекомендуем сверить номер с вашей старой деталью или каталогом техники.

📌 Основные данные:
• Артикул: L158185
• Бренд: John Deere
• Наименование: Палец крепления нижней тяги
• Узел: Крепеж / Пальцы
• Раздел: Запчасти → Крепёж
• Вес: 0,581 кг
• Размеры: длина 116,84 мм; ширина 73,66 мм; высота 39,37 мм
• Фото: 5 шт.

🚜 Применяемость по данным каталога: 6A-1104, 6B-954, 6B-1404, 6BH 110, 6E-1004, 6E-1204.

🚚 Работаем с юридическими лицами. Отправляем по России транспортными компаниями.
📲 Для уточнения срока поставки, совместимости и условий отгрузки напишите в сообщения Авито или позвоните.","3200","images/06/L158185_1.jpg","[""images/06/L158185_1.jpg"",""images/06/L158185_2.jpg"",""images/06/L158185_3.jpg"",""images/06/L158185_4.jpg"",""images/06/L158185_5.jpg""]"
"L166299","Водило шестерни планетарной John Deere L166299","🔧 Водило шестерни планетарного привода John Deere L166299.

Запчасть John Deere для ремонта и обслуживания техники. Используется в приводе или трансмиссионном узле, где важно совпадение посадочных размеров и каталожного номера.
Продаётся по каталожному номеру L166299. Перед заказом рекомендуем сверить номер с вашей старой деталью или каталогом техники.

📌 Основные данные:
• Артикул: L166299
• Бренд: John Deere
• Наименование: Водило шестерни планетарного привода
• Узел: Трансмиссия / Детали планетарной передачи
• Раздел: Запчасти → Трансмиссия и мосты
• Вес: 11,786 кг
• Размеры: длина 111,76 мм; высота 312,42 мм
• Фото: 1 шт.

🚜 Применяемость по данным каталога: 6B-1404, 6E-1204, 6E-1504L, 6E-1504PL, 1354, 1404.

🚚 Работаем с юридическими лицами. Отправляем по России транспортными компаниями.
📲 Для уточнения срока поставки, совместимости и условий отгрузки напишите в сообщения Авито или позвоните.","96000","images/24/L166299_1.jpg","[""images/24/L166299_1.jpg""]"
"L168957","Шланг системы охлаждения John Deere L168957","🔧 Шланг системы охлаждения John Deere L168957.

Запчасть John Deere для ремонта и обслуживания техники. Предназначена для ремонта гидравлического узла и восстановления нормальной работы системы.
Продаётся по каталожному номеру L168957. Перед заказом рекомендуем сверить номер с вашей старой деталью или каталогом техники.

📌 Основные данные:
• Артикул: L168957
• Бренд: John Deere
• Наименование: Шланг системы охлаждения
• Узел: Гидравлическая система / Трубопроводы и шланги
• Раздел: Запчасти → Гидравлика
• Вес: 0,236 кг
• Размеры: длина 1041,4 мм; высота 25,4 мм
• Фото: 3 шт.

🚜 Применяемость по данным каталога: 6J-1704, 6J-1904, 1854, 1854J, 2054, 4630.

🚚 Работаем с юридическими лицами. Отправляем по России транспортными компаниями.
📲 Для уточнения срока поставки, совместимости и условий отгрузки напишите в сообщения Авито или позвоните.","4900","images/08/L168957_1.jpg","[""images/08/L168957_1.jpg"",""images/08/L168957_2.jpg"",""images/08/L168957_3.jpg""]"
"L168960","Шланг John Deere L168960","🔧 Шланг John Deere L168960.

Запчасть John Deere для ремонта и обслуживания техники. Предназначена для ремонта гидравлического узла и восстановления нормальной работы системы.
Продаётся по каталожному номеру L168960. Перед заказом рекомендуем сверить номер с вашей старой деталью или каталогом техники.

📌 Основные данные:
• Артикул: L168960
• Бренд: John Deere
• Наименование: Шланг
• Узел: Гидравлическая система / Трубопроводы и шланги
• Раздел: Запчасти → Гидравлика
• Вес: 0,195 кг
• Размеры: длина 787,4 мм; высота 22,86 мм
• Фото: 1 шт.

🚜 Применяемость по данным каталога: 6J-1704, 6J-1904, 1854, 1854J, 2054, 4630.

🚚 Работаем с юридическими лицами. Отправляем по России транспортными компаниями.
📲 Для уточнения срока поставки, совместимости и условий отгрузки напишите в сообщения Авито или позвоните.","3100","images/03/L168960_1.jpg","[""images/03/L168960_1.jpg""]"
"L171302","Воздухозаборный шланг John Deere L171302","🔧 Воздухозаборный шланг John Deere L171302.

Запчасть John Deere для ремонта и обслуживания техники. Предназначена для ремонта гидравлического узла и восстановления нормальной работы системы.
Продаётся по каталожному номеру L171302. Перед заказом рекомендуем сверить номер с вашей старой деталью или каталогом техники.

📌 Основные данные:
• Артикул: L171302
• Бренд: John Deere
• Наименование: Воздухозаборный шланг
• Узел: Гидравлическая система / Трубопроводы и шланги
• Раздел: Запчасти → Гидравлика
• Вес: 0,245 кг
• Размеры: длина 254 мм; ширина 177,8 мм; высота 58,42 мм
• Фото: 4 шт.

🚜 Применяемость по данным каталога: 6J-1704, 6J-1904, 1854, 2054, 4630, 6165J.

🚚 Работаем с юридическими лицами. Отправляем по России транспортными компаниями.
📲 Для уточнения срока поставки, совместимости и условий отгрузки напишите в сообщения Авито или позвоните.","5100","images/09/L171302_1.jpg","[""images/09/L171302_1.jpg"",""images/09/L171302_2.jpg"",""images/09/L171302_3.jpg"",""images/09/L171302_4.jpg""]"
"L171312","Формованный патрубок радиатора John Deere L171312","🔧 Формованный патрубок радиатора John Deere L171312.

Запчасть John Deere для ремонта и обслуживания техники. Используется при замене изношенной детали в соответствующем узле техники.
Продаётся по каталожному номеру L171312. Перед заказом рекомендуем сверить номер с вашей старой деталью или каталогом техники.

📌 Основные данные:
• Артикул: L171312
• Бренд: John Deere
• Наименование: Формованный патрубок радиатора
• Узел: Навесное оборудование двигателя / Радиаторы и охладители
• Раздел: Запчасти → Система охлаждения и впуск
• Вес: 0,227 кг
• Размеры: длина 482,6 мм; ширина 403,86 мм; высота 27,94 мм
• Фото: 4 шт.

🚜 Применяемость по данным каталога: 6J-1704, 6J-1904, 1854, 1854J, 2054, 4630.

🚚 Работаем с юридическими лицами. Отправляем по России транспортными компаниями.
📲 Для уточнения срока поставки, совместимости и условий отгрузки напишите в сообщения Авито или позвоните.","3100","images/09/L171312_1.jpg","[""images/09/L171312_1.jpg"",""images/09/L171312_2.jpg"",""images/09/L171312_3.jpg"",""images/09/L171312_4.jpg""]"
"L171313","Формованный патрубок радиатора John Deere L171313","🔧 Формованный патрубок радиатора John Deere L171313.

Запчасть John Deere для ремонта и обслуживания техники. Подбирается по каталожному номеру для ремонта техники John Deere.
Продаётся по каталожному номеру L171313. Перед заказом рекомендуем сверить номер с вашей старой деталью или каталогом техники.

📌 Основные данные:
• Артикул: L171313
• Бренд: John Deere
• Наименование: Формованный патрубок радиатора
• Узел: Навесное оборудование двигателя / Радиаторы и охладители
• Раздел: Запчасти → Система охлаждения и впуск
• Вес: 0,064 кг
• Размеры: длина 246,38 мм; ширина 58,42 мм; высота 40,64 мм
• Фото: 3 шт.

🚜 Применяемость по данным каталога: 6J-1704, 6J-1904, 1854, 1854J, 2054, 4630.

🚚 Работаем с юридическими лицами. Отправляем по России транспортными компаниями.
📲 Для уточнения срока поставки, совместимости и условий отгрузки напишите в сообщения Авито или позвоните.","2300","images/09/L171313_1.jpg","[""images/09/L171313_1.jpg"",""images/09/L171313_2.jpg"",""images/09/L171313_3.jpg""]"
"L171314","Формованный патрубок радиатора John Deere L171314","🔧 Формованный патрубок радиатора John Deere L171314.

Запчасть John Deere для ремонта и обслуживания техники. Подходит для ремонта и обслуживания техники John Deere.
Продаётся по каталожному номеру L171314. Перед заказом рекомендуем сверить номер с вашей старой деталью или каталогом техники.

📌 Основные данные:
• Артикул: L171314
• Бренд: John Deere
• Наименование: Формованный патрубок радиатора
• Узел: Навесное оборудование двигателя / Радиаторы и охладители
• Раздел: Запчасти → Система охлаждения и впуск
• Вес: 0,073 кг
• Размеры: длина 220,98 мм; ширина 190,5 мм; высота 44,45 мм
• Фото: 4 шт.

🚜 Применяемость по данным каталога: 6J-1704, 6J-1904, 1854, 1854J, 2054, 4630.

🚚 Работаем с юридическими лицами. Отправляем по России транспортными компаниями.
📲 Для уточнения срока поставки, совместимости и условий отгрузки напишите в сообщения Авито или позвоните.","2300","images/09/L171314_1.jpg","[""images/09/L171314_1.jpg"",""images/09/L171314_2.jpg"",""images/09/L171314_3.jpg"",""images/09/L171314_4.jpg""]"
"L171908","Шланг масляного радиатора John Deere L171908","🔧 Шланг масляного радиатора John Deere L171908.

Запчасть John Deere для ремонта и обслуживания техники. Предназначена для ремонта гидравлического узла и восстановления нормальной работы системы.
Продаётся по каталожному номеру L171908. Перед заказом рекомендуем сверить номер с вашей старой деталью или каталогом техники.

📌 Основные данные:
• Артикул: L171908
• Бренд: John Deere
• Наименование: Шланг масляного радиатора
• Узел: Гидравлическая система / Трубопроводы и шланги
• Раздел: Запчасти → Гидравлика
• Вес: 0,15 кг
• Размеры: длина 571,5 мм; высота 21,59 мм
• Фото: 4 шт.

🚜 Применяемость по данным каталога: 6J-1704, 6J-1904, 1854, 1854J, 2054, 6105M.

🚚 Работаем с юридическими лицами. Отправляем по России транспортными компаниями.
📲 Для уточнения срока поставки, совместимости и условий отгрузки напишите в сообщения Авито или позвоните.","2980","images/08/L171908_1.jpg","[""images/08/L171908_1.jpg"",""images/08/L171908_2.jpg"",""images/08/L171908_3.jpg"",""images/08/L171908_4.jpg""]"
"L171926","Шланг масляного радиатора John Deere L171926","🔧 Шланг масляного радиатора John Deere L171926.

Запчасть John Deere для ремонта и обслуживания техники. Предназначена для ремонта гидравлического узла и восстановления нормальной работы системы.
Продаётся по каталожному номеру L171926. Перед заказом рекомендуем сверить номер с вашей старой деталью или каталогом техники.

📌 Основные данные:
• Артикул: L171926
• Бренд: John Deere
• Наименование: Шланг масляного радиатора
• Узел: Гидравлическая система / Трубопроводы и шланги
• Раздел: Запчасти → Гидравлика
• Вес: 0,195 кг
• Размеры: длина 878,84 мм; высота 22,86 мм
• Фото: 4 шт.

🚜 Применяемость по данным каталога: 6J-1704, 6J-1904, 1854, 1854J, 2054, 6105M.

🚚 Работаем с юридическими лицами. Отправляем по России транспортными компаниями.
📲 Для уточнения срока поставки, совместимости и условий отгрузки напишите в сообщения Авито или позвоните.","3700","images/08/L171926_1.jpg","[""images/08/L171926_1.jpg"",""images/08/L171926_2.jpg"",""images/08/L171926_3.jpg"",""images/08/L171926_4.jpg""]"
"L172243","Шланг John Deere L172243","🔧 Шланг John Deere L172243.

Запчасть John Deere для ремонта и обслуживания техники. Предназначена для ремонта гидравлического узла и восстановления нормальной работы системы.
Продаётся по каталожному номеру L172243. Перед заказом рекомендуем сверить номер с вашей старой деталью или каталогом техники.

📌 Основные данные:
• Артикул: L172243
• Бренд: John Deere
• Наименование: Шланг
• Узел: Гидравлическая система / Трубопроводы и шланги
• Раздел: Запчасти → Гидравлика
• Вес: 0,472 кг
• Размеры: длина 787,4 мм; ширина 190,5 мм; высота 106,68 мм
• Фото: 3 шт.

🚜 Применяемость по данным каталога: 6J-1704, 6J-1904, 1854, 1854J, 2054, 4630.

🚚 Работаем с юридическими лицами. Отправляем по России транспортными компаниями.
📲 Для уточнения срока поставки, совместимости и условий отгрузки напишите в сообщения Авито или позвоните.","7200","images/03/L172243_1.jpg","[""images/03/L172243_1.jpg"",""images/03/L172243_2.jpg"",""images/03/L172243_3.jpg""]"
"L175588","Втулка John Deere L175588","🔧 Втулка John Deere L175588.

Запчасть John Deere для ремонта и обслуживания техники. Подходит для замены изношенной опоры вращения или посадочного элемента.
Продаётся по каталожному номеру L175588. Перед заказом рекомендуем сверить номер с вашей старой деталью или каталогом техники.

📌 Основные данные:
• Артикул: L175588
• Бренд: John Deere
• Наименование: Втулка
• Узел: Подшипники и втулки / Втулки
• Раздел: Запчасти → Подшипники и втулки
• Вес: 0,172 кг
• Размеры: длина 157,48 мм; ширина 104,14 мм; высота 58,42 мм
• Фото: 3 шт.

🚜 Применяемость по данным каталога: 1854, 6135M MONTENEGRO, 6145J, 6150J, 6150M MONTENEGRO, 6165J.

🚚 Работаем с юридическими лицами. Отправляем по России транспортными компаниями.
📲 Для уточнения срока поставки, совместимости и условий отгрузки напишите в сообщения Авито или позвоните.","4500","images/23/L175588_1.jpg","[""images/23/L175588_1.jpg"",""images/23/L175588_2.jpg"",""images/23/L175588_3.jpg""]"
"L200667","Воздухозаборный шланг John Deere L200667","🔧 Воздухозаборный шланг John Deere L200667.

Запчасть John Deere для ремонта и обслуживания техники. Предназначена для ремонта гидравлического узла и восстановления нормальной работы системы.
Продаётся по каталожному номеру L200667. Перед заказом рекомендуем сверить номер с вашей старой деталью или каталогом техники.

📌 Основные данные:
• Артикул: L200667
• Бренд: John Deere
• Наименование: Воздухозаборный шланг
• Узел: Гидравлическая система / Трубопроводы и шланги
• Раздел: Запчасти → Гидравлика
• Вес: 1,315 кг
• Размеры: длина 482,6 мм; ширина 355,6 мм; высота 127 мм
• Фото: 4 шт.

🚜 Применяемость по данным каталога: 6M 180, 6M 200, 6M 220, 6M-1654, 6M-1854, 6M-2104.

🚚 Работаем с юридическими лицами. Отправляем по России транспортными компаниями.
📲 Для уточнения срока поставки, совместимости и условий отгрузки напишите в сообщения Авито или позвоните.","12700","images/09/L200667_1.jpg","[""images/09/L200667_1.jpg"",""images/09/L200667_2.jpg"",""images/09/L200667_3.jpg"",""images/09/L200667_4.jpg""]"
"L203860","Шланг John Deere L203860","🔧 Шланг John Deere L203860.

Запчасть John Deere для ремонта и обслуживания техники. Предназначена для ремонта гидравлического узла и восстановления нормальной работы системы.
Продаётся по каталожному номеру L203860. Перед заказом рекомендуем сверить номер с вашей старой деталью или каталогом техники.

📌 Основные данные:
• Артикул: L203860
• Бренд: John Deere
• Наименование: Шланг
• Узел: Гидравлическая система / Трубопроводы и шланги
• Раздел: Запчасти → Гидравлика
• Вес: 0,045 кг
• Размеры: длина 158,75 мм; ширина 101,6 мм; высота 25,4 мм
• Фото: 4 шт.

🚜 Применяемость по данным каталога: 6J-1704, 6J-1904, 1854, 1854J, 2054, 4630.

🚚 Работаем с юридическими лицами. Отправляем по России транспортными компаниями.
📲 Для уточнения срока поставки, совместимости и условий отгрузки напишите в сообщения Авито или позвоните.","2150","images/03/L203860_1.jpg","[""images/03/L203860_1.jpg"",""images/03/L203860_2.jpg"",""images/03/L203860_3.jpg"",""images/03/L203860_4.jpg""]"
"L206644","Патрубок наддувочного воздуха John Deere L206644","🔧 Патрубок наддувочного воздуха John Deere L206644.

Запчасть John Deere для ремонта и обслуживания техники. Предназначена для ремонта гидравлического узла и восстановления нормальной работы системы.
Продаётся по каталожному номеру L206644. Перед заказом рекомендуем сверить номер с вашей старой деталью или каталогом техники.

📌 Основные данные:
• Артикул: L206644
• Бренд: John Deere
• Наименование: Патрубок наддувочного воздуха
• Узел: Гидравлическая система / Трубопроводы и шланги
• Раздел: Запчасти → Гидравлика
• Вес: 0,458 кг
• Размеры: длина 480,06 мм; высота 67,31 мм
• Фото: 3 шт.

🚜 Применяемость по данным каталога: 6M 110, 6M 125, 6M 140, 6M 145, 6M 155, 6M 165.

🚚 Работаем с юридическими лицами. Отправляем по России транспортными компаниями.
📲 Для уточнения срока поставки, совместимости и условий отгрузки напишите в сообщения Авито или позвоните.","7400","images/09/L206644_1.jpg","[""images/09/L206644_1.jpg"",""images/09/L206644_2.jpg"",""images/09/L206644_3.jpg""]"
"L207042","Нижний патрубок радиатора John Deere L207042","🔧 Нижний патрубок радиатора John Deere L207042.

Запчасть John Deere для ремонта и обслуживания техники. Предназначена для ремонта гидравлического узла и восстановления нормальной работы системы.
Продаётся по каталожному номеру L207042. Перед заказом рекомендуем сверить номер с вашей старой деталью или каталогом техники.

📌 Основные данные:
• Артикул: L207042
• Бренд: John Deere
• Наименование: Нижний патрубок радиатора
• Узел: Гидравлическая система / Трубопроводы и шланги
• Раздел: Запчасти → Гидравлика
• Вес: 0,367 кг
• Размеры: длина 292,1 мм; высота 68,58 мм
• Фото: 4 шт.

🚜 Применяемость по данным каталога: 6J-1704, 6J-1904, 1854, 1854J, 2054, 3300.

🚚 Работаем с юридическими лицами. Отправляем по России транспортными компаниями.
📲 Для уточнения срока поставки, совместимости и условий отгрузки напишите в сообщения Авито или позвоните.","4200","images/08/L207042_1.jpg","[""images/08/L207042_1.jpg"",""images/08/L207042_2.jpg"",""images/08/L207042_3.jpg"",""images/08/L207042_4.jpg""]"
"L207058","Верхний патрубок радиатора John Deere L207058","🔧 Верхний патрубок радиатора John Deere L207058.

Запчасть John Deere для ремонта и обслуживания техники. Предназначена для ремонта гидравлического узла и восстановления нормальной работы системы.
Продаётся по каталожному номеру L207058. Перед заказом рекомендуем сверить номер с вашей старой деталью или каталогом техники.

📌 Основные данные:
• Артикул: L207058
• Бренд: John Deere
• Наименование: Верхний патрубок радиатора
• Узел: Гидравлическая система / Трубопроводы и шланги
• Раздел: Запчасти → Гидравлика
• Вес: 0,717 кг
• Размеры: длина 599,44 мм; высота 66,04 мм
• Фото: 3 шт.

🚜 Применяемость по данным каталога: 6J-1704, 6J-1904, 1854, 1854J, 2054, 4630.

🚚 Работаем с юридическими лицами. Отправляем по России транспортными компаниями.
📲 Для уточнения срока поставки, совместимости и условий отгрузки напишите в сообщения Авито или позвоните.","4600","images/08/L207058_1.jpg","[""images/08/L207058_1.jpg"",""images/08/L207058_2.jpg"",""images/08/L207058_3.jpg""]"
"L216169","Вилка карданного шарнира John Deere L216169","🔧 Вилка карданного шарнира John Deere L216169.

Запчасть John Deere для ремонта и обслуживания техники. Используется в приводе или трансмиссионном узле, где важно совпадение посадочных размеров и каталожного номера.
Продаётся по каталожному номеру L216169. Перед заказом рекомендуем сверить номер с вашей старой деталью или каталогом техники.

📌 Основные данные:
• Артикул: L216169
• Бренд: John Deere
• Наименование: Вилка карданного шарнира
• Узел: Трансмиссия / Карданные валы
• Раздел: Запчасти → Трансмиссия и мосты
• Вес: 5,293 кг
• Размеры: длина 452,12 мм; ширина 114,3 мм; высота 101,6 мм
• Фото: 2 шт.

🚜 Применяемость по данным каталога: 6M 95, 6M 105, 6M 110, 6M 115, 6M 120, 6M 125.

🚚 Работаем с юридическими лицами. Отправляем по России транспортными компаниями.
📲 Для уточнения срока поставки, совместимости и условий отгрузки напишите в сообщения Авито или позвоните.","26000","images/21/L216169_1.jpg","[""images/21/L216169_1.jpg"",""images/21/L216169_2.jpg""]"
"L218517","Верхний патрубок радиатора John Deere L218517","🔧 Верхний патрубок радиатора John Deere L218517.

Запчасть John Deere для ремонта и обслуживания техники. Предназначена для ремонта гидравлического узла и восстановления нормальной работы системы.
Продаётся по каталожному номеру L218517. Перед заказом рекомендуем сверить номер с вашей старой деталью или каталогом техники.

📌 Основные данные:
• Артикул: L218517
• Бренд: John Deere
• Наименование: Верхний патрубок радиатора
• Узел: Гидравлическая система / Трубопроводы и шланги
• Раздел: Запчасти → Гидравлика
• Вес: 0,83 кг
• Размеры: длина 660,4 мм; высота 73,66 мм
• Фото: 4 шт.

🚜 Применяемость по данным каталога: 6M 180, 6M 200, 6M 220, 6M 240, 6M-1654, 6M-1854.

🚚 Работаем с юридическими лицами. Отправляем по России транспортными компаниями.
📲 Для уточнения срока поставки, совместимости и условий отгрузки напишите в сообщения Авито или позвоните.","6500","images/08/L218517_1.jpg","[""images/08/L218517_1.jpg"",""images/08/L218517_2.jpg"",""images/08/L218517_3.jpg"",""images/08/L218517_4.jpg""]"
"L218518","Нижний патрубок радиатора John Deere L218518","🔧 Нижний патрубок радиатора John Deere L218518.

Запчасть John Deere для ремонта и обслуживания техники. Предназначена для ремонта гидравлического узла и восстановления нормальной работы системы.
Продаётся по каталожному номеру L218518. Перед заказом рекомендуем сверить номер с вашей старой деталью или каталогом техники.

📌 Основные данные:
• Артикул: L218518
• Бренд: John Deere
• Наименование: Нижний патрубок радиатора
• Узел: Гидравлическая система / Трубопроводы и шланги
• Раздел: Запчасти → Гидравлика
• Вес: 0,581 кг
• Размеры: длина 408,94 мм; ширина 132,08 мм; высота 106,68 мм
• Фото: 4 шт.

🚜 Применяемость по данным каталога: 6M-1654, 6M-1854, 6M-2104, 6R 145, 6R 155, 6R 165.

🚚 Работаем с юридическими лицами. Отправляем по России транспортными компаниями.
📲 Для уточнения срока поставки, совместимости и условий отгрузки напишите в сообщения Авито или позвоните.","7500","images/08/L218518_1.jpg","[""images/08/L218518_1.jpg"",""images/08/L218518_2.jpg"",""images/08/L218518_3.jpg"",""images/08/L218518_4.jpg""]"
"L222589","Вилка карданного шарнира John Deere L222589","🔧 Вилка карданного шарнира John Deere L222589.

Запчасть John Deere для ремонта и обслуживания техники. Используется в приводе или трансмиссионном узле, где важно совпадение посадочных размеров и каталожного номера.
Продаётся по каталожному номеру L222589. Перед заказом рекомендуем сверить номер с вашей старой деталью или каталогом техники.

📌 Основные данные:
• Артикул: L222589
• Бренд: John Deere
• Наименование: Вилка карданного шарнира
• Узел: Трансмиссия / Карданные валы
• Раздел: Запчасти → Трансмиссия и мосты
• Вес: 5,495 кг
• Размеры: длина 419,1 мм; ширина 109,22 мм; высота 76,2 мм
• Фото: 2 шт.

🚜 Применяемость по данным каталога: 6M 95, 6M 105, 6M 110, 6M 115, 6M 125, 6M 130.

🚚 Работаем с юридическими лицами. Отправляем по России транспортными компаниями.
📲 Для уточнения срока поставки, совместимости и условий отгрузки напишите в сообщения Авито или позвоните.","17500","images/21/L222589_1.jpg","[""images/21/L222589_1.jpg"",""images/21/L222589_2.jpg""]"
"L225730","Задний выходной вал ВОМ John Deere L225730","🔧 Задний выходной вал ВОМ John Deere L225730.

Запчасть John Deere для ремонта и обслуживания техники. Используется в приводе или трансмиссионном узле, где важно совпадение посадочных размеров и каталожного номера.
Продаётся по каталожному номеру L225730. Перед заказом рекомендуем сверить номер с вашей старой деталью или каталогом техники.

📌 Основные данные:
• Артикул: L225730
• Бренд: John Deere
• Наименование: Задний выходной вал ВОМ
• Узел: Трансмиссия / Валы отбора мощности
• Раздел: Запчасти → Трансмиссия и мосты
• Вес: 5,732 кг
• Размеры: длина 381 мм; ширина 127 мм; высота 127 мм
• Фото: 5 шт.

🚜 Применяемость по данным каталога: 6M 95, 6M 105, 6M 110, 6M 115, 6M 125, 6M 130.

🚚 Работаем с юридическими лицами. Отправляем по России транспортными компаниями.
📲 Для уточнения срока поставки, совместимости и условий отгрузки напишите в сообщения Авито или позвоните.","93000","images/22/L225730_1.jpg","[""images/22/L225730_1.jpg"",""images/22/L225730_2.jpg"",""images/22/L225730_3.jpg"",""images/22/L225730_4.jpg"",""images/22/L225730_5.jpg""]"
"L226871","Шланг John Deere L226871","🔧 Шланг John Deere L226871.

Запчасть John Deere для ремонта и обслуживания техники. Предназначена для ремонта гидравлического узла и восстановления нормальной работы системы.
Продаётся по каталожному номеру L226871. Перед заказом рекомендуем сверить номер с вашей старой деталью или каталогом техники.

📌 Основные данные:
• Артикул: L226871
• Бренд: John Deere
• Наименование: Шланг
• Узел: Гидравлическая система / Трубопроводы и шланги
• Раздел: Запчасти → Гидравлика
• Фото: 1 шт.

🚜 Применяемость по данным каталога: 6M 110, 6M 120, 6M 125, 6M 130, 6M 140, 6M 145.

🚚 Работаем с юридическими лицами. Отправляем по России транспортными компаниями.
📲 Для уточнения срока поставки, совместимости и условий отгрузки напишите в сообщения Авито или позвоните.","10050","","[]"
"L226872","Шланг John Deere L226872","🔧 Шланг John Deere L226872.

Запчасть John Deere для ремонта и обслуживания техники. Предназначена для ремонта гидравлического узла и восстановления нормальной работы системы.
Продаётся по каталожному номеру L226872. Перед заказом рекомендуем сверить номер с вашей старой деталью или каталогом техники.

📌 Основные данные:
• Артикул: L226872
• Бренд: John Deere
• Наименование: Шланг
• Узел: Гидравлическая система / Трубопроводы и шланги
• Раздел: Запчасти → Гидравлика
• Фото: 1 шт.

🚜 Применяемость по данным каталога: 6M 145, 6M 155, 6M 165, 6M 180, 6M 185, 6M 200.

🚚 Работаем с юридическими лицами. Отправляем по России транспортными компаниями.
📲 Для уточнения срока поставки, совместимости и условий отгрузки напишите в сообщения Авито или позвоните.","4100","","[]"
"L226879","Шланг John Deere L226879","🔧 Шланг John Deere L226879.

Запчасть John Deere для ремонта и обслуживания техники. Предназначена для ремонта гидравлического узла и восстановления нормальной работы системы.
Продаётся по каталожному номеру L226879. Перед заказом рекомендуем сверить номер с вашей старой деталью или каталогом техники.

📌 Основные данные:
• Артикул: L226879
• Бренд: John Deere
• Наименование: Шланг
• Узел: Гидравлическая система / Трубопроводы и шланги
• Раздел: Запчасти → Гидравлика
• Фото: 1 шт.

🚜 Применяемость по данным каталога: 6M 180, 6M 200, 6M 220, 6M 240, 6M-1654, 6M-1854.

🚚 Работаем с юридическими лицами. Отправляем по России транспортными компаниями.
📲 Для уточнения срока поставки, совместимости и условий отгрузки напишите в сообщения Авито или позвоните.","3900","","[]"
"L227076","Подъемный рычаг John Deere L227076","🔧 Подъемный рычаг John Deere L227076.

Запчасть John Deere для ремонта и обслуживания техники. Подходит для ремонта и обслуживания техники John Deere.
Продаётся по каталожному номеру L227076. Перед заказом рекомендуем сверить номер с вашей старой деталью или каталогом техники.

📌 Основные данные:
• Артикул: L227076
• Бренд: John Deere
• Наименование: Подъемный рычаг
• Узел: Навеска трактора / Подъемные рычаги и тяги
• Раздел: Запчасти → Навеска и тяги
• Фото: 1 шт.

🚜 Применяемость по данным каталога: 6M-1654, 6M-1854, 6M-2104.

🚚 Работаем с юридическими лицами. Отправляем по России транспортными компаниями.
📲 Для уточнения срока поставки, совместимости и условий отгрузки напишите в сообщения Авито или позвоните.","22500","","[]"
"L227077","Подъемный рычаг John Deere L227077","🔧 Подъемный рычаг John Deere L227077.

Запчасть John Deere для ремонта и обслуживания техники. Подбирается по каталожному номеру для ремонта техники John Deere.
Продаётся по каталожному номеру L227077. Перед заказом рекомендуем сверить номер с вашей старой деталью или каталогом техники.

📌 Основные данные:
• Артикул: L227077
• Бренд: John Deere
• Наименование: Подъемный рычаг
• Узел: Навеска трактора / Подъемные рычаги и тяги
• Раздел: Запчасти → Навеска и тяги
• Фото: 1 шт.

🚜 Применяемость по данным каталога: 6M-1654, 6M-1854, 6M-2104.

🚚 Работаем с юридическими лицами. Отправляем по России транспортными компаниями.
📲 Для уточнения срока поставки, совместимости и условий отгрузки напишите в сообщения Авито или позвоните.","22700","","[]"
"P47889","Уплотнительное кольцо John Deere P47889","🔧 Уплотнительное кольцо John Deere P47889.

Запчасть John Deere для ремонта и обслуживания техники. Подходит для ремонта узла при износе уплотнений, появлении подтеканий или плановом обслуживании.
Продаётся по каталожному номеру P47889. Перед заказом рекомендуем сверить номер с вашей старой деталью или каталогом техники.

📌 Основные данные:
• Артикул: P47889
• Бренд: John Deere
• Наименование: Уплотнительное кольцо
• Узел: Уплотнения, прокладки и кольца / Уплотнительные кольца и комплекты
• Раздел: Запчасти → Уплотнения и прокладки
• Размеры: длина 2,54 мм; высота 24,13 мм
• Фото: 8 шт.

🚜 Применяемость по данным каталога: 6B-954, 6B-1404, 6BH 110, 6E-1004, 6E-1204, 6E-1204P.

🚚 Работаем с юридическими лицами. Отправляем по России транспортными компаниями.
📲 Для уточнения срока поставки, совместимости и условий отгрузки напишите в сообщения Авито или позвоните.","230","images/02/P47889_1.jpg","[""images/02/P47889_1.jpg"",""images/02/P47889_2.jpg"",""images/02/P47889_3.jpg"",""images/02/P47889_4.jpg"",""images/02/P47889_5.jpg"",""images/02/P47889_6.jpg"",""images/02/P47889_7.jpg"",""images/02/P47889_8.jpg""]"
"P50631","Уплотнительное кольцо John Deere P50631","🔧 Уплотнительное кольцо круглого сечения John Deere P50631.

Запчасть John Deere для ремонта и обслуживания техники. Подходит для ремонта узла при износе уплотнений, появлении подтеканий или плановом обслуживании.
Продаётся по каталожному номеру P50631. Перед заказом рекомендуем сверить номер с вашей старой деталью или каталогом техники.

📌 Основные данные:
• Артикул: P50631
• Бренд: John Deere
• Наименование: Уплотнительное кольцо круглого сечения
• Узел: Уплотнения, прокладки и кольца / Уплотнительные кольца и комплекты
• Раздел: Запчасти → Уплотнения и прокладки
• Вес: 0,004 кг
• Размеры: длина 3,81 мм; высота 55,88 мм
• Фото: 7 шт.

🚜 Применяемость по данным каталога: 6B-1404, 6BH 110, 6E-1204, 6E-1204P, 6E-1404, 6E-1404L.

🚚 Работаем с юридическими лицами. Отправляем по России транспортными компаниями.
📲 Для уточнения срока поставки, совместимости и условий отгрузки напишите в сообщения Авито или позвоните.","470","images/02/P50631_1.jpg","[""images/02/P50631_1.jpg"",""images/02/P50631_2.jpg"",""images/02/P50631_3.jpg"",""images/02/P50631_4.jpg"",""images/02/P50631_5.jpg"",""images/02/P50631_6.jpg"",""images/02/P50631_7.jpg""]"
"R100461","Вилка карданного шарнира John Deere R100461","🔧 Вилка карданного шарнира John Deere R100461.

Запчасть John Deere для ремонта и обслуживания техники. Используется в приводе или трансмиссионном узле, где важно совпадение посадочных размеров и каталожного номера.
Продаётся по каталожному номеру R100461. Перед заказом рекомендуем сверить номер с вашей старой деталью или каталогом техники.

📌 Основные данные:
• Артикул: R100461
• Бренд: John Deere
• Наименование: Вилка карданного шарнира
• Узел: Трансмиссия / Карданные валы
• Раздел: Запчасти → Трансмиссия и мосты
• Вес: 1,492 кг
• Размеры: длина 121,92 мм; ширина 92,71 мм; высота 86,36 мм
• Фото: 7 шт.

🚜 Применяемость по данным каталога: 7M 200, 7M 215, 7M 230, 1100/1150, 2204, 4050.

🚚 Работаем с юридическими лицами. Отправляем по России транспортными компаниями.
📲 Для уточнения срока поставки, совместимости и условий отгрузки напишите в сообщения Авито или позвоните.","44000","images/21/R100461_1.jpg","[""images/21/R100461_1.jpg"",""images/21/R100461_2.jpg"",""images/21/R100461_3.jpg"",""images/21/R100461_4.jpg"",""images/21/R100461_5.jpg"",""images/21/R100461_6.jpg"",""images/21/R100461_7.jpg""]"
"R101187","Переходная вторая солнечная John Deere R101187","🔧 Переходная вторая солнечная шестерня John Deere R101187.

Запчасть John Deere для ремонта и обслуживания техники. Используется в приводе или трансмиссионном узле, где важно совпадение посадочных размеров и каталожного номера.
Продаётся по каталожному номеру R101187. Перед заказом рекомендуем сверить номер с вашей старой деталью или каталогом техники.

📌 Основные данные:
• Артикул: R101187
• Бренд: John Deere
• Наименование: Переходная вторая солнечная шестерня
• Узел: Трансмиссия / Шестерни и корпуса редукторов
• Раздел: Запчасти → Трансмиссия и мосты
• Вес: 1,161 кг
• Размеры: длина 66,04 мм; высота 116,84 мм
• Фото: 5 шт.

🚜 Применяемость по данным каталога: 6J-1704, 6J-1904, 6M 95, 6M 105, 6M 110, 6M 115.

🚚 Работаем с юридическими лицами. Отправляем по России транспортными компаниями.
📲 Для уточнения срока поставки, совместимости и условий отгрузки напишите в сообщения Авито или позвоните.","58000","images/24/R101187_1.jpg","[""images/24/R101187_1.jpg"",""images/24/R101187_2.jpg"",""images/24/R101187_3.jpg"",""images/24/R101187_4.jpg"",""images/24/R101187_5.jpg""]"
"R104771","Внутреннее кольцо подшипника John Deere R104771","🔧 Внутреннее кольцо подшипника John Deere R104771.

Запчасть John Deere для ремонта и обслуживания техники. Подходит для ремонта узла при износе уплотнений, появлении подтеканий или плановом обслуживании.
Продаётся по каталожному номеру R104771. Перед заказом рекомендуем сверить номер с вашей старой деталью или каталогом техники.

📌 Основные данные:
• Артикул: R104771
• Бренд: John Deere
• Наименование: Внутреннее кольцо подшипника
• Узел: Подшипники и втулки / Детали подшипников
• Раздел: Запчасти → Подшипники и втулки
• Вес: 0,445 кг
• Размеры: длина 48,26 мм; высота 198,12 мм
• Фото: 7 шт.

🚜 Применяемость по данным каталога: 9R 390, 9R 440, 9R 490, 9R 490 СКРЕПЕР, 9R 540, 9R 540 СКРЕПЕР.

🚚 Работаем с юридическими лицами. Отправляем по России транспортными компаниями.
📲 Для уточнения срока поставки, совместимости и условий отгрузки напишите в сообщения Авито или позвоните.","32600","images/23/R104771_1.jpg","[""images/23/R104771_1.jpg"",""images/23/R104771_2.jpg"",""images/23/R104771_3.jpg"",""images/23/R104771_4.jpg"",""images/23/R104771_5.jpg"",""images/23/R104771_6.jpg"",""images/23/R104771_7.jpg""]"
"R107718","Цилиндрическая прямозубая John Deere R107718","🔧 Цилиндрическая прямозубая шестерня с втулкой John Deere R107718.

Запчасть John Deere для ремонта и обслуживания техники. Используется в приводе или трансмиссионном узле, где важно совпадение посадочных размеров и каталожного номера.
Продаётся по каталожному номеру R107718. Перед заказом рекомендуем сверить номер с вашей старой деталью или каталогом техники.

📌 Основные данные:
• Артикул: R107718
• Бренд: John Deere
• Наименование: Цилиндрическая прямозубая шестерня с втулкой
• Узел: Трансмиссия / Оси и компоненты осей
• Раздел: Запчасти → Трансмиссия и мосты
• Вес: 0,399 кг
• Размеры: длина 53,34 мм; высота 78,74 мм
• Размеры: объём 0,708 л
• Фото: 8 шт.

🚜 Применяемость по данным каталога: 8R 230, 8R 250, 8R 280, 8R 310, 8R 340, 8R 370.

🚚 Работаем с юридическими лицами. Отправляем по России транспортными компаниями.
📲 Для уточнения срока поставки, совместимости и условий отгрузки напишите в сообщения Авито или позвоните.","8500","images/16/R107718_1.jpg","[""images/16/R107718_1.jpg"",""images/16/R107718_2.jpg"",""images/16/R107718_3.jpg"",""images/16/R107718_4.jpg"",""images/16/R107718_5.jpg"",""images/16/R107718_6.jpg"",""images/16/R107718_7.jpg"",""images/16/R107718_8.jpg""]"
"R108926","Шестерня привода насоса John Deere R108926","🔧 Шестерня привода насоса John Deere R108926.

Запчасть John Deere для ремонта и обслуживания техники. Используется в приводе или трансмиссионном узле, где важно совпадение посадочных размеров и каталожного номера.
Продаётся по каталожному номеру R108926. Перед заказом рекомендуем сверить номер с вашей старой деталью или каталогом техники.

📌 Основные данные:
• Артикул: R108926
• Бренд: John Deere
• Наименование: Шестерня привода насоса
• Узел: Трансмиссия / Шестерни и корпуса редукторов
• Раздел: Запчасти → Трансмиссия и мосты
• Вес: 0,354 кг
• Размеры: длина 19,304 мм; высота 86,868 мм
• Размеры: объём 0,251 л
• Фото: 7 шт.

🚜 Применяемость по данным каталога: 6J-1704, 6J-1904, 6M-1854, 6M-2104, 6R 145, 6R 155.

🚚 Работаем с юридическими лицами. Отправляем по России транспортными компаниями.
📲 Для уточнения срока поставки, совместимости и условий отгрузки напишите в сообщения Авито или позвоните.","14200","images/11/R108926_1.jpg","[""images/11/R108926_1.jpg"",""images/11/R108926_2.jpg"",""images/11/R108926_3.jpg"",""images/11/R108926_4.jpg"",""images/11/R108926_5.jpg"",""images/11/R108926_6.jpg"",""images/11/R108926_7.jpg""]"
"R108928","Ведомая шестерня масляного John Deere R108928","🔧 Ведомая шестерня масляного насоса трансмиссии John Deere R108928.

Запчасть John Deere для ремонта и обслуживания техники. Используется в приводе или трансмиссионном узле, где важно совпадение посадочных размеров и каталожного номера.
Продаётся по каталожному номеру R108928. Перед заказом рекомендуем сверить номер с вашей старой деталью или каталогом техники.

📌 Основные данные:
• Артикул: R108928
• Бренд: John Deere
• Наименование: Ведомая шестерня масляного насоса трансмиссии
• Узел: Трансмиссия / Шестерни и корпуса редукторов
• Раздел: Запчасти → Трансмиссия и мосты
• Вес: 0,476 кг
• Размеры: длина 19,304 мм; высота 116,84 мм
• Размеры: объём 0,498 л
• Фото: 7 шт.

🚜 Применяемость по данным каталога: 6J-1704, 6J-1904, 6M-1854, 6M-2104, 6R 145, 6R 155.

🚚 Работаем с юридическими лицами. Отправляем по России транспортными компаниями.
📲 Для уточнения срока поставки, совместимости и условий отгрузки напишите в сообщения Авито или позвоните.","14600","images/11/R108928_1.jpg","[""images/11/R108928_1.jpg"",""images/11/R108928_2.jpg"",""images/11/R108928_3.jpg"",""images/11/R108928_4.jpg"",""images/11/R108928_5.jpg"",""images/11/R108928_6.jpg"",""images/11/R108928_7.jpg""]"
"R109489","Коническая шестерня John Deere R109489","🔧 Коническая шестерня дифференциала John Deere R109489.

Запчасть John Deere для ремонта и обслуживания техники. Используется в приводе или трансмиссионном узле, где важно совпадение посадочных размеров и каталожного номера.
Продаётся по каталожному номеру R109489. Перед заказом рекомендуем сверить номер с вашей старой деталью или каталогом техники.

📌 Основные данные:
• Артикул: R109489
• Бренд: John Deere
• Наименование: Коническая шестерня дифференциала
• Узел: Трансмиссия / Шестерни и корпуса редукторов
• Раздел: Запчасти → Трансмиссия и мосты
• Вес: 3,538 кг
• Размеры: длина 48,26 мм; высота 180,34 мм
• Фото: 4 шт.

🚜 Применяемость по данным каталога: 7R 210, 7R 230, 7R 250, 7R 270, 7R 290, 7R 310.

🚚 Работаем с юридическими лицами. Отправляем по России транспортными компаниями.
📲 Для уточнения срока поставки, совместимости и условий отгрузки напишите в сообщения Авито или позвоните.","115000","images/24/R109489_1.jpg","[""images/24/R109489_1.jpg"",""images/24/R109489_2.jpg"",""images/24/R109489_3.jpg"",""images/24/R109489_4.jpg""]"
"R124958","Упорная шайба John Deere R124958","🔧 Упорная шайба John Deere R124958.

Запчасть John Deere для ремонта и обслуживания техники. Применяется как крепёжный или опорный элемент в соответствующем узле техники.
Продаётся по каталожному номеру R124958. Перед заказом рекомендуем сверить номер с вашей старой деталью или каталогом техники.

📌 Основные данные:
• Артикул: R124958
• Бренд: John Deere
• Наименование: Упорная шайба
• Узел: Крепеж / Шайбы
• Раздел: Запчасти → Крепёж
• Вес: 0,077 кг
• Размеры: длина 7,62 мм; высота 121,92 мм
• Размеры: объём 0,256 л
• Фото: 4 шт.

🚜 Применяемость по данным каталога: 8R 230, 8R 250, 8R 280, 8R 310, 8R 340, 8R 370.

🚚 Работаем с юридическими лицами. Отправляем по России транспортными компаниями.
📲 Для уточнения срока поставки, совместимости и условий отгрузки напишите в сообщения Авито или позвоните.","3600","images/06/R124958_1.jpg","[""images/06/R124958_1.jpg"",""images/06/R124958_2.jpg"",""images/06/R124958_3.jpg"",""images/06/R124958_4.jpg""]"
"R125973-RE62205","Запчасть John Deere R125973/RE62205","🔧 Запчасть John Deere R125973/RE62205 John Deere R125973-RE62205.

Запчасть John Deere для ремонта и обслуживания техники. Используется при замене изношенной детали в соответствующем узле техники.
Продаётся по каталожному номеру R125973-RE62205. Перед заказом рекомендуем сверить номер с вашей старой деталью или каталогом техники.

📌 Основные данные:
• Артикул: R125973-RE62205
• Бренд: John Deere
• Наименование: Запчасть John Deere R125973/RE62205
• Узел: узел техники John Deere
• Раздел: Запчасти → Прочие детали John Deere
• Фото: 1 шт.

🚜 Применяемость по данным каталога: применимость уточняется по артикулу и данным карточки.

🚚 Работаем с юридическими лицами. Отправляем по России транспортными компаниями.
📲 Для уточнения срока поставки, совместимости и условий отгрузки напишите в сообщения Авито или позвоните.","47000","","[]"
"R125974","Втулка опоры моста John Deere R125974","🔧 Втулка опоры моста John Deere R125974.

Запчасть John Deere для ремонта и обслуживания техники. Подходит для замены изношенной опоры вращения или посадочного элемента.
Продаётся по каталожному номеру R125974. Перед заказом рекомендуем сверить номер с вашей старой деталью или каталогом техники.

📌 Основные данные:
• Артикул: R125974
• Бренд: John Deere
• Наименование: Втулка опоры моста
• Узел: Подшипники и втулки / Втулки
• Раздел: Запчасти → Подшипники и втулки
• Вес: 0,181 кг
• Размеры: длина 50,8 мм; высота 82,55 мм
• Фото: 6 шт.

🚜 Применяемость по данным каталога: 8R 230, 8R 250, 8R 280, 8R 310, 8R 340, 8R 370.

🚚 Работаем с юридическими лицами. Отправляем по России транспортными компаниями.
📲 Для уточнения срока поставки, совместимости и условий отгрузки напишите в сообщения Авито или позвоните.","5800","images/23/R125974_1.jpg","[""images/23/R125974_1.jpg"",""images/23/R125974_2.jpg"",""images/23/R125974_3.jpg"",""images/23/R125974_4.jpg"",""images/23/R125974_5.jpg"",""images/23/R125974_6.jpg""]"
"R128328","Коническая шестерня John Deere R128328","🔧 Коническая шестерня дифференциала John Deere R128328.

Запчасть John Deere для ремонта и обслуживания техники. Используется в приводе или трансмиссионном узле, где важно совпадение посадочных размеров и каталожного номера.
Продаётся по каталожному номеру R128328. Перед заказом рекомендуем сверить номер с вашей старой деталью или каталогом техники.

📌 Основные данные:
• Артикул: R128328
• Бренд: John Deere
• Наименование: Коническая шестерня дифференциала
• Узел: Трансмиссия / Шестерни и корпуса редукторов
• Раздел: Запчасти → Трансмиссия и мосты
• Вес: 4,522 кг
• Размеры: длина 58,42 мм; высота 177,8 мм
• Размеры: объём 2,972 л
• Фото: 3 шт.

🚜 Применяемость по данным каталога: 7R 210, 7R 230, 7R 250, 7R 270, 7R 290, 7R 310.

🚚 Работаем с юридическими лицами. Отправляем по России транспортными компаниями.
📲 Для уточнения срока поставки, совместимости и условий отгрузки напишите в сообщения Авито или позвоните.","125000","images/24/R128328_1.jpg","[""images/24/R128328_1.jpg"",""images/24/R128328_2.jpg"",""images/24/R128328_3.jpg""]"
"R130069","Разрезная цилиндрическая втулка John Deere R130069","🔧 Разрезная цилиндрическая втулка John Deere R130069.

Запчасть John Deere для ремонта и обслуживания техники. Предназначена для ремонта гидравлического узла и восстановления нормальной работы системы.
Продаётся по каталожному номеру R130069. Перед заказом рекомендуем сверить номер с вашей старой деталью или каталогом техники.

📌 Основные данные:
• Артикул: R130069
• Бренд: John Deere
• Наименование: Разрезная цилиндрическая втулка
• Узел: Подшипники и втулки / Втулки
• Раздел: Запчасти → Подшипники и втулки
• Вес: 0,109 кг
• Размеры: длина 38,1 мм; высота 53,34 мм
• Фото: 4 шт.

🚜 Применяемость по данным каталога: 7M 200, 7M 215, 7M 230, 7R 210, 7R 230, 7R 250.

🚚 Работаем с юридическими лицами. Отправляем по России транспортными компаниями.
📲 Для уточнения срока поставки, совместимости и условий отгрузки напишите в сообщения Авито или позвоните.","4000","images/23/R130069_1.jpg","[""images/23/R130069_1.jpg"",""images/23/R130069_2.jpg"",""images/23/R130069_3.jpg"",""images/23/R130069_4.jpg""]"
"R130753","Корпус дифференциала John Deere R130753","🔧 Корпус дифференциала John Deere R130753.

Запчасть John Deere для ремонта и обслуживания техники. Подходит для ремонта и обслуживания техники John Deere.
Продаётся по каталожному номеру R130753. Перед заказом рекомендуем сверить номер с вашей старой деталью или каталогом техники.

📌 Основные данные:
• Артикул: R130753
• Бренд: John Deere
• Наименование: Корпус дифференциала
• Узел: Рамы, корпуса и противовесы / Корпуса
• Раздел: Запчасти → Трансмиссия и мосты
• Вес: 3,856 кг
• Размеры: длина 101,6 мм; высота 190,5 мм
• Фото: 4 шт.

🚜 Применяемость по данным каталога: 7M 200, 7M 215, 7M 230, 7R 210, 7R 230, 7R 250.

🚚 Работаем с юридическими лицами. Отправляем по России транспортными компаниями.
📲 Для уточнения срока поставки, совместимости и условий отгрузки напишите в сообщения Авито или позвоните.","52000","images/24/R130753_1.jpg","[""images/24/R130753_1.jpg"",""images/24/R130753_2.jpg"",""images/24/R130753_3.jpg"",""images/24/R130753_4.jpg""]"
"R130895","Вал переднего моста John Deere R130895","🔧 Вал переднего моста John Deere R130895.

Запчасть John Deere для ремонта и обслуживания техники. Используется в приводе или трансмиссионном узле, где важно совпадение посадочных размеров и каталожного номера.
Продаётся по каталожному номеру R130895. Перед заказом рекомендуем сверить номер с вашей старой деталью или каталогом техники.

📌 Основные данные:
• Артикул: R130895
• Бренд: John Deere
• Наименование: Вал переднего моста
• Узел: Трансмиссия / Мосты и компоненты мостов
• Раздел: Запчасти → Трансмиссия и мосты
• Вес: 9,072 кг
• Размеры: длина 835,66 мм; высота 40,64 мм
• Размеры: объём 6,416 л
• Фото: 4 шт.

🚜 Применяемость по данным каталога: 8100, 8110, 8120, 8130, 8200, 8210.

🚚 Работаем с юридическими лицами. Отправляем по России транспортными компаниями.
📲 Для уточнения срока поставки, совместимости и условий отгрузки напишите в сообщения Авито или позвоните.","125000","images/20/R130895_1.jpg","[""images/20/R130895_1.jpg"",""images/20/R130895_2.jpg"",""images/20/R130895_3.jpg"",""images/20/R130895_4.jpg""]"
"R131346","Вал конической ведущей John Deere R131346","🔧 Вал конической ведущей шестерни дифференциала John Deere R131346.

Запчасть John Deere для ремонта и обслуживания техники. Используется в приводе или трансмиссионном узле, где важно совпадение посадочных размеров и каталожного номера.
Продаётся по каталожному номеру R131346. Перед заказом рекомендуем сверить номер с вашей старой деталью или каталогом техники.

📌 Основные данные:
• Артикул: R131346
• Бренд: John Deere
• Наименование: Вал конической ведущей шестерни дифференциала
• Узел: Трансмиссия / Карданные валы
• Раздел: Запчасти → Трансмиссия и мосты
• Вес: 2,25 кг
• Размеры: длина 165,1 мм; высота 43,18 мм
• Размеры: объём 0,38 л
• Фото: 6 шт.

🚜 Применяемость по данным каталога: 7M 200, 7M 215, 7M 230, 7R 210, 7R 230, 7R 250.

🚚 Работаем с юридическими лицами. Отправляем по России транспортными компаниями.
📲 Для уточнения срока поставки, совместимости и условий отгрузки напишите в сообщения Авито или позвоните.","34200","images/21/R131346_1.jpg","[""images/21/R131346_1.jpg"",""images/21/R131346_2.jpg"",""images/21/R131346_3.jpg"",""images/21/R131346_4.jpg"",""images/21/R131346_5.jpg"",""images/21/R131346_6.jpg""]"
"R131405","Разрезная цилиндрическая втулка John Deere R131405","🔧 Разрезная цилиндрическая втулка John Deere R131405.

Запчасть John Deere для ремонта и обслуживания техники. Предназначена для ремонта гидравлического узла и восстановления нормальной работы системы.
Продаётся по каталожному номеру R131405. Перед заказом рекомендуем сверить номер с вашей старой деталью или каталогом техники.

📌 Основные данные:
• Артикул: R131405
• Бренд: John Deere
• Наименование: Разрезная цилиндрическая втулка
• Узел: Подшипники и втулки / Втулки
• Раздел: Запчасти → Подшипники и втулки
• Вес: 0,109 кг
• Размеры: длина 50,8 мм; высота 68,58 мм
• Размеры: объём 0,341 л
• Фото: 4 шт.

🚜 Применяемость по данным каталога: 7M 200, 7M 215, 7M 230, 7R 210, 7R 230, 7R 250.

🚚 Работаем с юридическими лицами. Отправляем по России транспортными компаниями.
📲 Для уточнения срока поставки, совместимости и условий отгрузки напишите в сообщения Авито или позвоните.","5900","images/23/R131405_1.jpg","[""images/23/R131405_1.jpg"",""images/23/R131405_2.jpg"",""images/23/R131405_3.jpg"",""images/23/R131405_4.jpg""]"
"R131511","Вал конической ведущей John Deere R131511","🔧 Вал конической ведущей шестерни дифференциала John Deere R131511.

Запчасть John Deere для ремонта и обслуживания техники. Используется в приводе или трансмиссионном узле, где важно совпадение посадочных размеров и каталожного номера.
Продаётся по каталожному номеру R131511. Перед заказом рекомендуем сверить номер с вашей старой деталью или каталогом техники.

📌 Основные данные:
• Артикул: R131511
• Бренд: John Deere
• Наименование: Вал конической ведущей шестерни дифференциала
• Узел: Трансмиссия / Карданные валы
• Раздел: Запчасти → Трансмиссия и мосты
• Вес: 0,272 кг
• Размеры: длина 96,52 мм; ширина 45,72 мм; высота 43,18 мм
• Фото: 3 шт.

🚜 Применяемость по данным каталога: 7M 200, 7M 215, 7M 230, 7R 210, 7R 230, 7R 250.

🚚 Работаем с юридическими лицами. Отправляем по России транспортными компаниями.
📲 Для уточнения срока поставки, совместимости и условий отгрузки напишите в сообщения Авито или позвоните.","17800","images/21/R131511_1.jpg","[""images/21/R131511_1.jpg"",""images/21/R131511_2.jpg"",""images/21/R131511_3.jpg""]"
"R131817","Запчасть John Deere R131817 John Deere R131817","🔧 Запчасть John Deere R131817 John Deere R131817.

Запчасть John Deere для ремонта и обслуживания техники. Подбирается по каталожному номеру для ремонта техники John Deere.
Продаётся по каталожному номеру R131817. Перед заказом рекомендуем сверить номер с вашей старой деталью или каталогом техники.

📌 Основные данные:
• Артикул: R131817
• Бренд: John Deere
• Наименование: Запчасть John Deere R131817
• Узел: узел техники John Deere
• Раздел: Запчасти → Прочие детали John Deere
• Фото: 1 шт.

🚜 Применяемость по данным каталога: применимость уточняется по артикулу и данным карточки.

🚚 Работаем с юридическими лицами. Отправляем по России транспортными компаниями.
📲 Для уточнения срока поставки, совместимости и условий отгрузки напишите в сообщения Авито или позвоните.","2016","","[]"
"R133867","Корпус дифференциала John Deere R133867","🔧 Корпус дифференциала John Deere R133867.

Запчасть John Deere для ремонта и обслуживания техники. Подбирается по каталожному номеру для ремонта техники John Deere.
Продаётся по каталожному номеру R133867. Перед заказом рекомендуем сверить номер с вашей старой деталью или каталогом техники.

📌 Основные данные:
• Артикул: R133867
• Бренд: John Deere
• Наименование: Корпус дифференциала
• Узел: Рамы, корпуса и противовесы / Корпуса
• Раздел: Запчасти → Трансмиссия и мосты
• Вес: 13,177 кг
• Размеры: длина 195,58 мм; высота 160,02 мм
• Фото: 3 шт.

🚜 Применяемость по данным каталога: 7M 200, 7M 215, 7M 230, 7R 210, 7R 230, 7R 250.

🚚 Работаем с юридическими лицами. Отправляем по России транспортными компаниями.
📲 Для уточнения срока поставки, совместимости и условий отгрузки напишите в сообщения Авито или позвоните.","117200","images/24/R133867_1.jpg","[""images/24/R133867_1.jpg"",""images/24/R133867_2.jpg"",""images/24/R133867_3.jpg""]"
"R134733","Коническая ведущая шестерня John Deere R134733","🔧 Коническая ведущая шестерня дифференциала John Deere R134733.

Запчасть John Deere для ремонта и обслуживания техники. Используется в приводе или трансмиссионном узле, где важно совпадение посадочных размеров и каталожного номера.
Продаётся по каталожному номеру R134733. Перед заказом рекомендуем сверить номер с вашей старой деталью или каталогом техники.

📌 Основные данные:
• Артикул: R134733
• Бренд: John Deere
• Наименование: Коническая ведущая шестерня дифференциала
• Узел: Трансмиссия / Шестерни и корпуса редукторов
• Раздел: Запчасти → Трансмиссия и мосты
• Вес: 1,089 кг
• Размеры: длина 43,18 мм; высота 101,6 мм
• Фото: 5 шт.

🚜 Применяемость по данным каталога: 7R 210, 7R 230, 7R 250, 7R 270, 7R 290, 7R 310.

🚚 Работаем с юридическими лицами. Отправляем по России транспортными компаниями.
📲 Для уточнения срока поставки, совместимости и условий отгрузки напишите в сообщения Авито или позвоните.","42000","images/24/R134733_1.jpg","[""images/24/R134733_1.jpg"",""images/24/R134733_2.jpg"",""images/24/R134733_3.jpg"",""images/24/R134733_4.jpg"",""images/24/R134733_5.jpg""]"
"R163994","Диск муфты сцепления John Deere R163994","🔧 Диск муфты сцепления John Deere R163994.

Запчасть John Deere для ремонта и обслуживания техники. Используется в приводе или трансмиссионном узле, где важно совпадение посадочных размеров и каталожного номера.
Продаётся по каталожному номеру R163994. Перед заказом рекомендуем сверить номер с вашей старой деталью или каталогом техники.

📌 Основные данные:
• Артикул: R163994
• Бренд: John Deere
• Наименование: Диск муфты сцепления
• Узел: Трансмиссия / Муфты сцепления и компоненты
• Раздел: Запчасти → Трансмиссия и мосты
• Вес: 0,377 кг
• Размеры: длина 2,54 мм; высота 195,58 мм
• Фото: 3 шт.

🚜 Применяемость по данным каталога: 8R 230, 8R 250, 8R 280, 8R 310, 8R 340, 8R 2304.

🚚 Работаем с юридическими лицами. Отправляем по России транспортными компаниями.
📲 Для уточнения срока поставки, совместимости и условий отгрузки напишите в сообщения Авито или позвоните.","5400","images/25/R163994_1.jpg","[""images/25/R163994_1.jpg"",""images/25/R163994_3.jpg"",""images/25/R163994_4.jpg""]"
"R171692","Опорный вал нижней тяги John Deere R171692","🔧 Опорный вал нижней тяги John Deere R171692.

Запчасть John Deere для ремонта и обслуживания техники. Используется в приводе или трансмиссионном узле, где важно совпадение посадочных размеров и каталожного номера.
Продаётся по каталожному номеру R171692. Перед заказом рекомендуем сверить номер с вашей старой деталью или каталогом техники.

📌 Основные данные:
• Артикул: R171692
• Бренд: John Deere
• Наименование: Опорный вал нижней тяги
• Узел: Детали навесного оборудования трактора / Нижние тяги
• Раздел: Запчасти → Трансмиссия и мосты
• Вес: 12,687 кг
• Размеры: длина 703,58 мм; высота 76,2 мм
• Фото: 7 шт.

🚜 Применяемость по данным каталога: 7R 210, 7R 230, 7R 250, 7R 270, 7R 290, 7R 310.

🚚 Работаем с юридическими лицами. Отправляем по России транспортными компаниями.
📲 Для уточнения срока поставки, совместимости и условий отгрузки напишите в сообщения Авито или позвоните.","148000","images/20/R171692_1.jpg","[""images/20/R171692_1.jpg"",""images/20/R171692_2.jpg"",""images/20/R171692_3.jpg"",""images/20/R171692_4.jpg"",""images/20/R171692_5.jpg"",""images/20/R171692_6.jpg"",""images/20/R171692_7.jpg""]"
"R179849","Наружное кольцо подшипника John Deere R179849","🔧 Наружное кольцо подшипника John Deere R179849.

Запчасть John Deere для ремонта и обслуживания техники. Подходит для ремонта узла при износе уплотнений, появлении подтеканий или плановом обслуживании.
Продаётся по каталожному номеру R179849. Перед заказом рекомендуем сверить номер с вашей старой деталью или каталогом техники.

📌 Основные данные:
• Артикул: R179849
• Бренд: John Deere
• Наименование: Наружное кольцо подшипника
• Узел: Подшипники и втулки / Детали подшипников
• Раздел: Запчасти → Подшипники и втулки
• Вес: 0,349 кг
• Размеры: длина 25,4 мм; высота 119,38 мм
• Размеры: объём 0,343 л
• Фото: 7 шт.

🚜 Применяемость по данным каталога: 8R 230, 8R 250, 8R 280, 8R 310, 8R 340, 8R 370.

🚚 Работаем с юридическими лицами. Отправляем по России транспортными компаниями.
📲 Для уточнения срока поставки, совместимости и условий отгрузки напишите в сообщения Авито или позвоните.","6500","images/23/R179849_1.jpg","[""images/23/R179849_1.jpg"",""images/23/R179849_2.jpg"",""images/23/R179849_3.jpg"",""images/23/R179849_4.jpg"",""images/23/R179849_5.jpg"",""images/23/R179849_6.jpg"",""images/23/R179849_7.jpg""]"
"R184432","Левый упор стабилизатора John Deere R184432","🔧 Левый упор стабилизатора навески John Deere R184432.

Запчасть John Deere для ремонта и обслуживания техники. Подбирается по каталожному номеру для ремонта техники John Deere.
Продаётся по каталожному номеру R184432. Перед заказом рекомендуем сверить номер с вашей старой деталью или каталогом техники.

📌 Основные данные:
• Артикул: R184432
• Бренд: John Deere
• Наименование: Левый упор стабилизатора навески
• Узел: Навеска и тягово-сцепные устройства / Упоры и буферы
• Раздел: Запчасти → Трансмиссия и мосты
• Вес: 4,082 кг
• Размеры: длина 317,5 мм; ширина 109,22 мм; высота 88,9 мм
• Фото: 7 шт.

🚜 Применяемость по данным каталога: 2204, 7185J, 7195J, 7200J, 7205J, 7210J.

🚚 Работаем с юридическими лицами. Отправляем по России транспортными компаниями.
📲 Для уточнения срока поставки, совместимости и условий отгрузки напишите в сообщения Авито или позвоните.","16500","images/15/R184432_1.jpg","[""images/15/R184432_1.jpg"",""images/15/R184432_2.jpg"",""images/15/R184432_3.jpg"",""images/15/R184432_4.jpg"",""images/15/R184432_5.jpg"",""images/15/R184432_6.jpg"",""images/15/R184432_7.jpg""]"
"R184433","Правый упор стабилизатора John Deere R184433","🔧 Правый упор стабилизатора навески John Deere R184433.

Запчасть John Deere для ремонта и обслуживания техники. Используется при замене изношенной детали в соответствующем узле техники.
Продаётся по каталожному номеру R184433. Перед заказом рекомендуем сверить номер с вашей старой деталью или каталогом техники.

📌 Основные данные:
• Артикул: R184433
• Бренд: John Deere
• Наименование: Правый упор стабилизатора навески
• Узел: Навеска и тягово-сцепные устройства / Упоры и буферы
• Раздел: Запчасти → Трансмиссия и мосты
• Вес: 3,96 кг
• Размеры: длина 304,8 мм; ширина 114,3 мм; высота 76,2 мм
• Фото: 7 шт.

🚜 Применяемость по данным каталога: 2204, 7185J, 7195J, 7200J, 7205J, 7210J.

🚚 Работаем с юридическими лицами. Отправляем по России транспортными компаниями.
📲 Для уточнения срока поставки, совместимости и условий отгрузки напишите в сообщения Авито или позвоните.","16500","images/15/R184433_1.jpg","[""images/15/R184433_1.jpg"",""images/15/R184433_2.jpg"",""images/15/R184433_3.jpg"",""images/15/R184433_4.jpg"",""images/15/R184433_5.jpg"",""images/15/R184433_6.jpg"",""images/15/R184433_7.jpg""]"
"R184448","Болт с квадратной головкой, John Deere R184448","🔧 Болт с квадратной головкой, M32 X 378 John Deere R184448.

Запчасть John Deere для ремонта и обслуживания техники. Применяется как крепёжный или опорный элемент в соответствующем узле техники.
Продаётся по каталожному номеру R184448. Перед заказом рекомендуем сверить номер с вашей старой деталью или каталогом техники.

📌 Основные данные:
• Артикул: R184448
• Бренд: John Deere
• Наименование: Болт с квадратной головкой, M32 X 378
• Узел: Крепеж / Болты
• Раздел: Запчасти → Крепёж
• Вес: 2,567 кг
• Размеры: длина 406,4 мм; ширина 50,8 мм; высота 50,8 мм
• Фото: 2 шт.

🚜 Применяемость по данным каталога: 2204, 7630, 7715, 7720, 7730, 7815.

🚚 Работаем с юридическими лицами. Отправляем по России транспортными компаниями.
📲 Для уточнения срока поставки, совместимости и условий отгрузки напишите в сообщения Авито или позвоните.","6200","images/06/R184448_1.jpg","[""images/06/R184448_1.jpg"",""images/06/R184448_2.jpg""]"
"R184467","Вилка тяги подъема John Deere R184467","🔧 Вилка тяги подъема John Deere R184467.

Запчасть John Deere для ремонта и обслуживания техники. Используется в приводе или трансмиссионном узле, где важно совпадение посадочных размеров и каталожного номера.
Продаётся по каталожному номеру R184467. Перед заказом рекомендуем сверить номер с вашей старой деталью или каталогом техники.

📌 Основные данные:
• Артикул: R184467
• Бренд: John Deere
• Наименование: Вилка тяги подъема
• Узел: Трансмиссия / Карданные валы
• Раздел: Запчасти → Трансмиссия и мосты
• Вес: 6,006 кг
• Размеры: длина 241,3 мм; ширина 137,16 мм; высота 116,84 мм
• Фото: 2 шт.

🚜 Применяемость по данным каталога: 2204, 7630, 7715, 7720, 7730, 7815.

🚚 Работаем с юридическими лицами. Отправляем по России транспортными компаниями.
📲 Для уточнения срока поставки, совместимости и условий отгрузки напишите в сообщения Авито или позвоните.","32500","images/21/R184467_1.jpg","[""images/21/R184467_1.jpg"",""images/21/R184467_2.jpg""]"
"R191848","Шестерня муфты C2 John Deere R191848","🔧 Шестерня муфты C2 John Deere R191848.

Запчасть John Deere для ремонта и обслуживания техники. Используется в приводе или трансмиссионном узле, где важно совпадение посадочных размеров и каталожного номера.
Продаётся по каталожному номеру R191848. Перед заказом рекомендуем сверить номер с вашей старой деталью или каталогом техники.

📌 Основные данные:
• Артикул: R191848
• Бренд: John Deere
• Наименование: Шестерня муфты C2
• Узел: Трансмиссия / Шестерни и корпуса редукторов
• Раздел: Запчасти → Трансмиссия и мосты
• Вес: 5,28 кг
• Размеры: длина 81,28 мм; высота 243,84 мм
• Фото: 4 шт.

🚜 Применяемость по данным каталога: 8R 230, 8R 250, 8R 280, 8R 310, 8R 340, 8R 2304.

🚚 Работаем с юридическими лицами. Отправляем по России транспортными компаниями.
📲 Для уточнения срока поставки, совместимости и условий отгрузки напишите в сообщения Авито или позвоните.","118000","images/25/R191848_1.jpg","[""images/25/R191848_1.jpg"",""images/25/R191848_2.jpg"",""images/25/R191848_3.jpg"",""images/25/R191848_4.jpg""]"
"R207661","Буфер нижней тяги John Deere R207661","🔧 Буфер нижней тяги John Deere R207661.

Запчасть John Deere для ремонта и обслуживания техники. Используется при замене изношенной детали в соответствующем узле техники.
Продаётся по каталожному номеру R207661. Перед заказом рекомендуем сверить номер с вашей старой деталью или каталогом техники.

📌 Основные данные:
• Артикул: R207661
• Бренд: John Deere
• Наименование: Буфер нижней тяги
• Узел: Навеска, тяговые устройства и тормоза / Упоры и буферы
• Раздел: Запчасти → Навеска и тяги
• Вес: 1,606 кг
• Размеры: длина 139,7 мм; ширина 71,12 мм; высота 50,8 мм
• Фото: 7 шт.

🚜 Применяемость по данным каталога: 8R 230, 8R 250, 8R 280, 8R 310, 8R 340, 8R 370.

🚚 Работаем с юридическими лицами. Отправляем по России транспортными компаниями.
📲 Для уточнения срока поставки, совместимости и условий отгрузки напишите в сообщения Авито или позвоните.","5400","images/14/R207661_1.jpg","[""images/14/R207661_1.jpg"",""images/14/R207661_2.jpg"",""images/14/R207661_3.jpg"",""images/14/R207661_4.jpg"",""images/14/R207661_5.jpg"",""images/14/R207661_6.jpg"",""images/14/R207661_7.jpg""]"
"R217870","Косозубая шестерня входного John Deere R217870","🔧 Косозубая шестерня входного вала со шлицами, правая, 19 зубьев John Deere R217870.

Запчасть John Deere для ремонта и обслуживания техники. Используется в приводе или трансмиссионном узле, где важно совпадение посадочных размеров и каталожного номера.
Продаётся по каталожному номеру R217870. Перед заказом рекомендуем сверить номер с вашей старой деталью или каталогом техники.

📌 Основные данные:
• Артикул: R217870
• Бренд: John Deere
• Наименование: Косозубая шестерня входного вала со шлицами, правая, 19 зубьев
• Узел: Трансмиссия / Шестерни и корпуса редукторов
• Раздел: Запчасти → Трансмиссия и мосты
• Фото: 3 шт.

🚜 Применяемость по данным каталога: 904, 1054, 1354, 1404.

🚚 Работаем с юридическими лицами. Отправляем по России транспортными компаниями.
📲 Для уточнения срока поставки, совместимости и условий отгрузки напишите в сообщения Авито или позвоните.","6100","images/24/R217870_1.jpg","[""images/24/R217870_1.jpg"",""images/24/R217870_2.jpg"",""images/24/R217870_3.jpg""]"
"R217871","Косозубая шестерня, 33 зуба John Deere R217871","🔧 Косозубая шестерня, 33 зуба John Deere R217871.

Запчасть John Deere для ремонта и обслуживания техники. Используется в приводе или трансмиссионном узле, где важно совпадение посадочных размеров и каталожного номера.
Продаётся по каталожному номеру R217871. Перед заказом рекомендуем сверить номер с вашей старой деталью или каталогом техники.

📌 Основные данные:
• Артикул: R217871
• Бренд: John Deere
• Наименование: Косозубая шестерня, 33 зуба
• Узел: Трансмиссия / Шестерни и корпуса редукторов
• Раздел: Запчасти → Трансмиссия и мосты
• Вес: 2,712 кг
• Размеры: длина 198,12 мм; ширина 182,88 мм; высота 78,74 мм
• Фото: 2 шт.

🚜 Применяемость по данным каталога: 904, 1054, 1354, 1404.

🚚 Работаем с юридическими лицами. Отправляем по России транспортными компаниями.
📲 Для уточнения срока поставки, совместимости и условий отгрузки напишите в сообщения Авито или позвоните.","6500","images/24/R217871_2.jpg","[""images/24/R217871_2.jpg"",""images/24/R217871_3.jpg""]"
"R217872","Косозубая шестерня, 30 зубьев John Deere R217872","🔧 Косозубая шестерня, 30 зубьев John Deere R217872.

Запчасть John Deere для ремонта и обслуживания техники. Используется в приводе или трансмиссионном узле, где важно совпадение посадочных размеров и каталожного номера.
Продаётся по каталожному номеру R217872. Перед заказом рекомендуем сверить номер с вашей старой деталью или каталогом техники.

📌 Основные данные:
• Артикул: R217872
• Бренд: John Deere
• Наименование: Косозубая шестерня, 30 зубьев
• Узел: Трансмиссия / Шестерни и корпуса редукторов
• Раздел: Запчасти → Трансмиссия и мосты
• Вес: 1,769 кг
• Размеры: длина 146,05 мм; ширина 134,62 мм; высота 53,34 мм
• Фото: 3 шт.

🚜 Применяемость по данным каталога: 904, 1054, 1354, 1404.

🚚 Работаем с юридическими лицами. Отправляем по России транспортными компаниями.
📲 Для уточнения срока поставки, совместимости и условий отгрузки напишите в сообщения Авито или позвоните.","4800","images/24/R217872_1.jpg","[""images/24/R217872_1.jpg"",""images/24/R217872_2.jpg"",""images/24/R217872_3.jpg""]"
"R217873","Косозубая шестерня, 25 зубьев John Deere R217873","🔧 Косозубая шестерня, 25 зубьев John Deere R217873.

Запчасть John Deere для ремонта и обслуживания техники. Используется в приводе или трансмиссионном узле, где важно совпадение посадочных размеров и каталожного номера.
Продаётся по каталожному номеру R217873. Перед заказом рекомендуем сверить номер с вашей старой деталью или каталогом техники.

📌 Основные данные:
• Артикул: R217873
• Бренд: John Deere
• Наименование: Косозубая шестерня, 25 зубьев
• Узел: Трансмиссия / Шестерни и корпуса редукторов
• Раздел: Запчасти → Трансмиссия и мосты
• Вес: 1,61 кг
• Размеры: длина 147,32 мм; ширина 137,16 мм; высота 53,34 мм
• Фото: 3 шт.

🚜 Применяемость по данным каталога: 904, 1054, 1354, 1404.

🚚 Работаем с юридическими лицами. Отправляем по России транспортными компаниями.
📲 Для уточнения срока поставки, совместимости и условий отгрузки напишите в сообщения Авито или позвоните.","5500","images/24/R217873_1.jpg","[""images/24/R217873_1.jpg"",""images/24/R217873_2.jpg"",""images/24/R217873_3.jpg""]"
"R217874","Запчасть John Deere R217874 John Deere R217874","🔧 Запчасть John Deere R217874 John Deere R217874.

Запчасть John Deere для ремонта и обслуживания техники. Подбирается по каталожному номеру для ремонта техники John Deere.
Продаётся по каталожному номеру R217874. Перед заказом рекомендуем сверить номер с вашей старой деталью или каталогом техники.

📌 Основные данные:
• Артикул: R217874
• Бренд: John Deere
• Наименование: Запчасть John Deere R217874
• Узел: узел техники John Deere
• Раздел: Запчасти → Прочие детали John Deere
• Фото: 1 шт.

🚜 Применяемость по данным каталога: применимость уточняется по артикулу и данным карточки.

🚚 Работаем с юридическими лицами. Отправляем по России транспортными компаниями.
📲 Для уточнения срока поставки, совместимости и условий отгрузки напишите в сообщения Авито или позвоните.","17500","","[]"
"R218047","Солнечная шестерня John Deere R218047","🔧 Солнечная шестерня John Deere R218047.

Запчасть John Deere для ремонта и обслуживания техники. Используется в приводе или трансмиссионном узле, где важно совпадение посадочных размеров и каталожного номера.
Продаётся по каталожному номеру R218047. Перед заказом рекомендуем сверить номер с вашей старой деталью или каталогом техники.

📌 Основные данные:
• Артикул: R218047
• Бренд: John Deere
• Наименование: Солнечная шестерня
• Узел: Трансмиссия / Шестерни и корпуса редукторов
• Раздел: Запчасти → Трансмиссия и мосты
• Вес: 4,354 кг
• Размеры: длина 368,3 мм; ширина 63,5 мм; высота 60,96 мм
• Фото: 4 шт.

🚜 Применяемость по данным каталога: 5-750, 5-754, 5-800, 5-804, 5-900, 5E-854.

🚚 Работаем с юридическими лицами. Отправляем по России транспортными компаниями.
📲 Для уточнения срока поставки, совместимости и условий отгрузки напишите в сообщения Авито или позвоните.","13500","images/24/R218047_1.jpg","[""images/24/R218047_1.jpg"",""images/24/R218047_2.jpg"",""images/24/R218047_3.jpg"",""images/24/R218047_4.jpg""]"
"R218050","Вал John Deere R218050","🔧 Вал John Deere R218050.

Запчасть John Deere для ремонта и обслуживания техники. Используется в приводе или трансмиссионном узле, где важно совпадение посадочных размеров и каталожного номера.
Продаётся по каталожному номеру R218050. Перед заказом рекомендуем сверить номер с вашей старой деталью или каталогом техники.

📌 Основные данные:
• Артикул: R218050
• Бренд: John Deere
• Наименование: Вал
• Узел: Трансмиссия / Карданные валы
• Раздел: Запчасти → Трансмиссия и мосты
• Вес: 4,559 кг
• Размеры: длина 309,88 мм; ширина 91,44 мм; высота 88,9 мм
• Фото: 2 шт.

🚜 Применяемость по данным каталога: 904, 1054, 1354, 6100B, 6110B.

🚚 Работаем с юридическими лицами. Отправляем по России транспортными компаниями.
📲 Для уточнения срока поставки, совместимости и условий отгрузки напишите в сообщения Авито или позвоните.","21700","images/21/R218050_1.jpg","[""images/21/R218050_1.jpg"",""images/21/R218050_2.jpg""]"
"R218276","Вал John Deere R218276","🔧 Вал John Deere R218276.

Запчасть John Deere для ремонта и обслуживания техники. Используется в приводе или трансмиссионном узле, где важно совпадение посадочных размеров и каталожного номера.
Продаётся по каталожному номеру R218276. Перед заказом рекомендуем сверить номер с вашей старой деталью или каталогом техники.

📌 Основные данные:
• Артикул: R218276
• Бренд: John Deere
• Наименование: Вал
• Узел: Трансмиссия / Карданные валы
• Раздел: Запчасти → Трансмиссия и мосты
• Вес: 7,058 кг
• Размеры: длина 1612,9 мм; высота 25,4 мм
• Фото: 2 шт.

🚜 Применяемость по данным каталога: применимость уточняется по артикулу и данным карточки.

🚚 Работаем с юридическими лицами. Отправляем по России транспортными компаниями.
📲 Для уточнения срока поставки, совместимости и условий отгрузки напишите в сообщения Авито или позвоните.","29100","images/21/R218276_1.jpg","[""images/21/R218276_1.jpg"",""images/21/R218276_2.jpg""]"
"R218618","Косозубая шестерня, 40 зубьев John Deere R218618","🔧 Косозубая шестерня, 40 зубьев John Deere R218618.

Запчасть John Deere для ремонта и обслуживания техники. Используется в приводе или трансмиссионном узле, где важно совпадение посадочных размеров и каталожного номера.
Продаётся по каталожному номеру R218618. Перед заказом рекомендуем сверить номер с вашей старой деталью или каталогом техники.

📌 Основные данные:
• Артикул: R218618
• Бренд: John Deere
• Наименование: Косозубая шестерня, 40 зубьев
• Узел: Трансмиссия / Шестерни и корпуса редукторов
• Раздел: Запчасти → Трансмиссия и мосты
• Вес: 3,382 кг
• Размеры: длина 60,96 мм; высота 172,72 мм
• Фото: 3 шт.

🚜 Применяемость по данным каталога: 5-750, 5-754, 5-800, 5-804, 5-900, 5E-854.

🚚 Работаем с юридическими лицами. Отправляем по России транспортными компаниями.
📲 Для уточнения срока поставки, совместимости и условий отгрузки напишите в сообщения Авито или позвоните.","8200","images/24/R218618_1.jpg","[""images/24/R218618_1.jpg"",""images/24/R218618_2.jpg"",""images/24/R218618_3.jpg""]"
"R218619","Косозубая шестерня, 24 зуба John Deere R218619","🔧 Косозубая шестерня, 24 зуба John Deere R218619.

Запчасть John Deere для ремонта и обслуживания техники. Используется в приводе или трансмиссионном узле, где важно совпадение посадочных размеров и каталожного номера.
Продаётся по каталожному номеру R218619. Перед заказом рекомендуем сверить номер с вашей старой деталью или каталогом техники.

📌 Основные данные:
• Артикул: R218619
• Бренд: John Deere
• Наименование: Косозубая шестерня, 24 зуба
• Узел: Трансмиссия / Шестерни и корпуса редукторов
• Раздел: Запчасти → Трансмиссия и мосты
• Вес: 1,216 кг
• Размеры: длина 121,92 мм; ширина 119,38 мм; высота 38,1 мм
• Фото: 3 шт.

🚜 Применяемость по данным каталога: 5-750, 5-754, 5-800, 5-804, 5-900, 5E-854.

🚚 Работаем с юридическими лицами. Отправляем по России транспортными компаниями.
📲 Для уточнения срока поставки, совместимости и условий отгрузки напишите в сообщения Авито или позвоните.","4500","images/24/R218619_1.jpg","[""images/24/R218619_1.jpg"",""images/24/R218619_2.jpg"",""images/24/R218619_3.jpg""]"
"R218917","подъемный рычаг вала навески John Deere R218917","🔧 Левый подъемный рычаг вала навески John Deere R218917.

Запчасть John Deere для ремонта и обслуживания техники. Используется в приводе или трансмиссионном узле, где важно совпадение посадочных размеров и каталожного номера.
Продаётся по каталожному номеру R218917. Перед заказом рекомендуем сверить номер с вашей старой деталью или каталогом техники.

📌 Основные данные:
• Артикул: R218917
• Бренд: John Deere
• Наименование: Левый подъемный рычаг вала навески
• Узел: Детали навесного оборудования трактора / Рычаги и тяги подъема
• Раздел: Запчасти → Трансмиссия и мосты
• Вес: 37,412 кг
• Размеры: длина 635 мм; ширина 209,55 мм; высота 127 мм
• Фото: 7 шт.

🚜 Применяемость по данным каталога: 3004, 7200R, 7210R, 7215R, 7230R, 7250R.

🚚 Работаем с юридическими лицами. Отправляем по России транспортными компаниями.
📲 Для уточнения срока поставки, совместимости и условий отгрузки напишите в сообщения Авито или позвоните.","105000","images/12/R218917_1.jpg","[""images/12/R218917_1.jpg"",""images/12/R218917_2.jpg"",""images/12/R218917_3.jpg"",""images/12/R218917_4.jpg"",""images/12/R218917_5.jpg"",""images/12/R218917_6.jpg"",""images/12/R218917_7.jpg""]"
"R219890","Болт с шестигранной головкой, John Deere R219890","🔧 Болт с шестигранной головкой, M36 X 336 John Deere R219890.

Запчасть John Deere для ремонта и обслуживания техники. Применяется как крепёжный или опорный элемент в соответствующем узле техники.
Продаётся по каталожному номеру R219890. Перед заказом рекомендуем сверить номер с вашей старой деталью или каталогом техники.

📌 Основные данные:
• Артикул: R219890
• Бренд: John Deere
• Наименование: Болт с шестигранной головкой, M36 X 336
• Узел: Крепеж / Болты
• Раздел: Запчасти → Крепёж
• Вес: 2,377 кг
• Размеры: длина 358,14 мм; высота 60,96 мм
• Фото: 3 шт.

🚜 Применяемость по данным каталога: 8RT 310, 8RT 340, 8RT 370, 8RT 410, 2204, 2854.

🚚 Работаем с юридическими лицами. Отправляем по России транспортными компаниями.
📲 Для уточнения срока поставки, совместимости и условий отгрузки напишите в сообщения Авито или позвоните.","13500","images/06/R219890_1.jpg","[""images/06/R219890_1.jpg"",""images/06/R219890_2.jpg"",""images/06/R219890_3.jpg""]"
"R222314","Косозубая шестерня MFWD, 33 John Deere R222314","🔧 Косозубая шестерня MFWD, 33 зуба John Deere R222314.

Запчасть John Deere для ремонта и обслуживания техники. Используется в приводе или трансмиссионном узле, где важно совпадение посадочных размеров и каталожного номера.
Продаётся по каталожному номеру R222314. Перед заказом рекомендуем сверить номер с вашей старой деталью или каталогом техники.

📌 Основные данные:
• Артикул: R222314
• Бренд: John Deere
• Наименование: Косозубая шестерня MFWD, 33 зуба
• Узел: Трансмиссия / Шестерни и корпуса редукторов
• Раздел: Запчасти → Трансмиссия и мосты
• Вес: 2,725 кг
• Размеры: длина 134,62 мм; ширина 133,35 мм; высота 63,5 мм
• Фото: 3 шт.

🚜 Применяемость по данным каталога: 5-750, 5-754, 5-800, 5-804, 5-900, 5E-854.

🚚 Работаем с юридическими лицами. Отправляем по России транспортными компаниями.
📲 Для уточнения срока поставки, совместимости и условий отгрузки напишите в сообщения Авито или позвоните.","9700","images/24/R222314_1.jpg","[""images/24/R222314_1.jpg"",""images/24/R222314_2.jpg"",""images/24/R222314_3.jpg""]"
"R225107","Ведомая шестерня бортового John Deere R225107","🔧 Ведомая шестерня бортового редуктора заднего моста John Deere R225107.

Запчасть John Deere для ремонта и обслуживания техники. Используется в приводе или трансмиссионном узле, где важно совпадение посадочных размеров и каталожного номера.
Продаётся по каталожному номеру R225107. Перед заказом рекомендуем сверить номер с вашей старой деталью или каталогом техники.

📌 Основные данные:
• Артикул: R225107
• Бренд: John Deere
• Наименование: Ведомая шестерня бортового редуктора заднего моста
• Узел: Трансмиссия / Шестерни и корпуса редукторов
• Раздел: Запчасти → Трансмиссия и мосты
• Вес: 28,349 кг
• Размеры: длина 69,85 мм; высота 457,2 мм
• Фото: 5 шт.

🚜 Применяемость по данным каталога: 7M 200, 7M 215, 7M 230, 2054, 2204, 6170J.

🚚 Работаем с юридическими лицами. Отправляем по России транспортными компаниями.
📲 Для уточнения срока поставки, совместимости и условий отгрузки напишите в сообщения Авито или позвоните.","237000","images/24/R225107_1.jpg","[""images/24/R225107_1.jpg"",""images/24/R225107_2.jpg"",""images/24/R225107_3.jpg"",""images/24/R225107_4.jpg"",""images/24/R225107_5.jpg""]"
"R225109","Солнечная шестерня John Deere R225109","🔧 Солнечная шестерня John Deere R225109.

Запчасть John Deere для ремонта и обслуживания техники. Используется в приводе или трансмиссионном узле, где важно совпадение посадочных размеров и каталожного номера.
Продаётся по каталожному номеру R225109. Перед заказом рекомендуем сверить номер с вашей старой деталью или каталогом техники.

📌 Основные данные:
• Артикул: R225109
• Бренд: John Deere
• Наименование: Солнечная шестерня
• Узел: Трансмиссия / Шестерни и корпуса редукторов
• Раздел: Запчасти → Трансмиссия и мосты
• Вес: 5,538 кг
• Размеры: длина 281,94 мм; высота 76,2 мм
• Фото: 1 шт.

🚜 Применяемость по данным каталога: 6M-1654, 6M-1854, 6M-2104, 7M 200, 7M 215, 7M 230.

🚚 Работаем с юридическими лицами. Отправляем по России транспортными компаниями.
📲 Для уточнения срока поставки, совместимости и условий отгрузки напишите в сообщения Авито или позвоните.","138000","images/24/R225109_1.jpg","[""images/24/R225109_1.jpg""]"
"R225113","Сателлит бортового редуктора John Deere R225113","🔧 Сателлит бортового редуктора John Deere R225113.

Запчасть John Deere для ремонта и обслуживания техники. Используется в приводе или трансмиссионном узле, где важно совпадение посадочных размеров и каталожного номера.
Продаётся по каталожному номеру R225113. Перед заказом рекомендуем сверить номер с вашей старой деталью или каталогом техники.

📌 Основные данные:
• Артикул: R225113
• Бренд: John Deere
• Наименование: Сателлит бортового редуктора
• Узел: Трансмиссия / Шестерни и корпуса редукторов
• Раздел: Запчасти → Трансмиссия и мосты
• Вес: 4,128 кг
• Размеры: длина 78,74 мм; высота 154,94 мм
• Фото: 3 шт.

🚜 Применяемость по данным каталога: 6R 2304, 7M 200, 7M 215, 7M 230, 2204, 6170J.

🚚 Работаем с юридическими лицами. Отправляем по России транспортными компаниями.
📲 Для уточнения срока поставки, совместимости и условий отгрузки напишите в сообщения Авито или позвоните.","105000","images/24/R225113_1.jpg","[""images/24/R225113_1.jpg"",""images/24/R225113_2.jpg"",""images/24/R225113_3.jpg""]"
"R227060","Входная планетарная шестерня John Deere R227060","🔧 Входная планетарная шестерня John Deere R227060.

Запчасть John Deere для ремонта и обслуживания техники. Используется в приводе или трансмиссионном узле, где важно совпадение посадочных размеров и каталожного номера.
Продаётся по каталожному номеру R227060. Перед заказом рекомендуем сверить номер с вашей старой деталью или каталогом техники.

📌 Основные данные:
• Артикул: R227060
• Бренд: John Deere
• Наименование: Входная планетарная шестерня
• Узел: Трансмиссия / Шестерни и корпуса редукторов
• Раздел: Запчасти → Трансмиссия и мосты
• Вес: 1,628 кг
• Размеры: длина 50,8 мм; высота 109,22 мм
• Фото: 5 шт.

🚜 Применяемость по данным каталога: 6J-1704, 6J-1904, 6M 95, 6M 105, 6M 110, 6M 115.

🚚 Работаем с юридическими лицами. Отправляем по России транспортными компаниями.
📲 Для уточнения срока поставки, совместимости и условий отгрузки напишите в сообщения Авито или позвоните.","82000","images/24/R227060_1.jpg","[""images/24/R227060_1.jpg"",""images/24/R227060_2.jpg"",""images/24/R227060_3.jpg"",""images/24/R227060_4.jpg"",""images/24/R227060_5.jpg""]"
"R227379","Шестерня приводного вала John Deere R227379","🔧 Шестерня приводного вала дифференциала John Deere R227379.

Запчасть John Deere для ремонта и обслуживания техники. Используется в приводе или трансмиссионном узле, где важно совпадение посадочных размеров и каталожного номера.
Продаётся по каталожному номеру R227379. Перед заказом рекомендуем сверить номер с вашей старой деталью или каталогом техники.

📌 Основные данные:
• Артикул: R227379
• Бренд: John Deere
• Наименование: Шестерня приводного вала дифференциала
• Узел: Трансмиссия / Шестерни и корпуса редукторов
• Раздел: Запчасти → Трансмиссия и мосты
• Вес: 4,282 кг
• Размеры: длина 40,64 мм; высота 157,48 мм
• Размеры: объём 1,756 л
• Фото: 7 шт.

🚜 Применяемость по данным каталога: 8R 230, 8R 250, 8R 280, 8R 310, 8R 340, 8R 370.

🚚 Работаем с юридическими лицами. Отправляем по России транспортными компаниями.
📲 Для уточнения срока поставки, совместимости и условий отгрузки напишите в сообщения Авито или позвоните.","140000","images/24/R227379_1.jpg","[""images/24/R227379_1.jpg"",""images/24/R227379_2.jpg"",""images/24/R227379_3.jpg"",""images/24/R227379_4.jpg"",""images/24/R227379_5.jpg"",""images/24/R227379_6.jpg"",""images/24/R227379_7.jpg""]"
"R227479","Разрезная цилиндрическая втулка John Deere R227479","🔧 Разрезная цилиндрическая втулка John Deere R227479.

Запчасть John Deere для ремонта и обслуживания техники. Предназначена для ремонта гидравлического узла и восстановления нормальной работы системы.
Продаётся по каталожному номеру R227479. Перед заказом рекомендуем сверить номер с вашей старой деталью или каталогом техники.

📌 Основные данные:
• Артикул: R227479
• Бренд: John Deere
• Наименование: Разрезная цилиндрическая втулка
• Узел: Подшипники и втулки / Втулки
• Раздел: Запчасти → Подшипники и втулки
• Вес: 0,249 кг
• Размеры: длина 40,64 мм; высота 139,7 мм
• Фото: 3 шт.

🚜 Применяемость по данным каталога: 8R 230, 8R 250, 8R 280, 8R 310, 8R 340, 8R 370.

🚚 Работаем с юридическими лицами. Отправляем по России транспортными компаниями.
📲 Для уточнения срока поставки, совместимости и условий отгрузки напишите в сообщения Авито или позвоните.","74000","images/23/R227479_1.jpg","[""images/23/R227479_1.jpg"",""images/23/R227479_2.jpg"",""images/23/R227479_3.jpg""]"
"R227481","Входной вал MFWD John Deere R227481","🔧 Входной вал MFWD John Deere R227481.

Запчасть John Deere для ремонта и обслуживания техники. Используется в приводе или трансмиссионном узле, где важно совпадение посадочных размеров и каталожного номера.
Продаётся по каталожному номеру R227481. Перед заказом рекомендуем сверить номер с вашей старой деталью или каталогом техники.

📌 Основные данные:
• Артикул: R227481
• Бренд: John Deere
• Наименование: Входной вал MFWD
• Узел: Трансмиссия / Карданные валы
• Раздел: Запчасти → Трансмиссия и мосты
• Вес: 2,25 кг
• Размеры: длина 274,32 мм; высота 44,45 мм
• Фото: 1 шт.

🚜 Применяемость по данным каталога: 2854, 8130, 8225R, 8230, 8235R, 8245R.

🚚 Работаем с юридическими лицами. Отправляем по России транспортными компаниями.
📲 Для уточнения срока поставки, совместимости и условий отгрузки напишите в сообщения Авито или позвоните.","76000","images/21/R227481_1.jpg","[""images/21/R227481_1.jpg""]"
"R230383","Ведомая входная шестерня John Deere R230383","🔧 Ведомая входная шестерня механического привода переднего моста John Deere R230383.

Запчасть John Deere для ремонта и обслуживания техники. Используется в приводе или трансмиссионном узле, где важно совпадение посадочных размеров и каталожного номера.
Продаётся по каталожному номеру R230383. Перед заказом рекомендуем сверить номер с вашей старой деталью или каталогом техники.

📌 Основные данные:
• Артикул: R230383
• Бренд: John Deere
• Наименование: Ведомая входная шестерня механического привода переднего моста
• Узел: Трансмиссия / Шестерни и корпуса редукторов
• Раздел: Запчасти → Трансмиссия и мосты
• Вес: 6,714 кг
• Размеры: длина 43,18 мм; высота 187,96 мм
• Размеры: объём 2,26 л
• Фото: 7 шт.

🚜 Применяемость по данным каталога: 8R 230, 8R 250, 8R 280, 8R 310, 8R 340, 8R 370.

🚚 Работаем с юридическими лицами. Отправляем по России транспортными компаниями.
📲 Для уточнения срока поставки, совместимости и условий отгрузки напишите в сообщения Авито или позвоните.","180000","images/24/R230383_1.jpg","[""images/24/R230383_1.jpg"",""images/24/R230383_2.jpg"",""images/24/R230383_3.jpg"",""images/24/R230383_4.jpg"",""images/24/R230383_5.jpg"",""images/24/R230383_6.jpg"",""images/24/R230383_7.jpg""]"
"R230458","Втулка John Deere R230458","🔧 Втулка John Deere R230458.

Запчасть John Deere для ремонта и обслуживания техники. Подходит для замены изношенной опоры вращения или посадочного элемента.
Продаётся по каталожному номеру R230458. Перед заказом рекомендуем сверить номер с вашей старой деталью или каталогом техники.

📌 Основные данные:
• Артикул: R230458
• Бренд: John Deere
• Наименование: Втулка
• Узел: Трансмиссия / Оси и компоненты осей
• Раздел: Запчасти → Трансмиссия и мосты
• Вес: 1,202 кг
• Размеры: длина 71,12 мм; высота 134,62 мм
• Фото: 8 шт.

🚜 Применяемость по данным каталога: 8R 230, 8R 250, 8R 280, 8R 310, 8R 340, 8R 370.

🚚 Работаем с юридическими лицами. Отправляем по России транспортными компаниями.
📲 Для уточнения срока поставки, совместимости и условий отгрузки напишите в сообщения Авито или позвоните.","16500","images/16/R230458_1.jpg","[""images/16/R230458_1.jpg"",""images/16/R230458_2.jpg"",""images/16/R230458_4.jpg"",""images/16/R230458_5.jpg"",""images/16/R230458_6.jpg"",""images/16/R230458_7.jpg"",""images/16/R230458_8.jpg"",""images/16/R230458_9.jpg"",""images/16/R230458_10.jpg""]"
"R232491","Упорная шайба John Deere R232491","🔧 Упорная шайба John Deere R232491.

Запчасть John Deere для ремонта и обслуживания техники. Применяется как крепёжный или опорный элемент в соответствующем узле техники.
Продаётся по каталожному номеру R232491. Перед заказом рекомендуем сверить номер с вашей старой деталью или каталогом техники.

📌 Основные данные:
• Артикул: R232491
• Бренд: John Deere
• Наименование: Упорная шайба
• Узел: Крепеж / Шайбы
• Раздел: Запчасти → Крепёж
• Вес: 0,113 кг
• Размеры: длина 2,54 мм; высота 120,65 мм
• Фото: 7 шт.

🚜 Применяемость по данным каталога: 8R 230, 8R 250, 8R 280, 8R 310, 8R 340, 8R 370.

🚚 Работаем с юридическими лицами. Отправляем по России транспортными компаниями.
📲 Для уточнения срока поставки, совместимости и условий отгрузки напишите в сообщения Авито или позвоните.","4600","images/06/R232491_1.jpg","[""images/06/R232491_1.jpg"",""images/06/R232491_2.jpg"",""images/06/R232491_3.jpg"",""images/06/R232491_4.jpg"",""images/06/R232491_5.jpg"",""images/06/R232491_6.jpg"",""images/06/R232491_7.jpg""]"
"R237709","Коническая ведущая шестерня John Deere R237709","🔧 Коническая ведущая шестерня дифференциала John Deere R237709.

Запчасть John Deere для ремонта и обслуживания техники. Используется в приводе или трансмиссионном узле, где важно совпадение посадочных размеров и каталожного номера.
Продаётся по каталожному номеру R237709. Перед заказом рекомендуем сверить номер с вашей старой деталью или каталогом техники.

📌 Основные данные:
• Артикул: R237709
• Бренд: John Deere
• Наименование: Коническая ведущая шестерня дифференциала
• Узел: Трансмиссия / Шестерни и корпуса редукторов
• Раздел: Запчасти → Трансмиссия и мосты
• Вес: 0,363 кг
• Размеры: длина 27,94 мм; высота 69,85 мм
• Фото: 7 шт.

🚜 Применяемость по данным каталога: 7R 210, 7R 230, 7R 250, 7R 270, 7R 290, 7R 310.

🚚 Работаем с юридическими лицами. Отправляем по России транспортными компаниями.
📲 Для уточнения срока поставки, совместимости и условий отгрузки напишите в сообщения Авито или позвоните.","24000","images/24/R237709_1.jpg","[""images/24/R237709_1.jpg"",""images/24/R237709_2.jpg"",""images/24/R237709_3.jpg"",""images/24/R237709_4.jpg"",""images/24/R237709_5.jpg"",""images/24/R237709_6.jpg"",""images/24/R237709_7.jpg""]"
"R237713","Коническая шестерня John Deere R237713","🔧 Коническая шестерня дифференциала John Deere R237713.

Запчасть John Deere для ремонта и обслуживания техники. Используется в приводе или трансмиссионном узле, где важно совпадение посадочных размеров и каталожного номера.
Продаётся по каталожному номеру R237713. Перед заказом рекомендуем сверить номер с вашей старой деталью или каталогом техники.

📌 Основные данные:
• Артикул: R237713
• Бренд: John Deere
• Наименование: Коническая шестерня дифференциала
• Узел: Трансмиссия / Шестерни и корпуса редукторов
• Раздел: Запчасти → Трансмиссия и мосты
• Вес: 1,08 кг
• Размеры: длина 55,88 мм; высота 101,6 мм
• Фото: 7 шт.

🚜 Применяемость по данным каталога: 7R 210, 7R 230, 7R 250, 7R 270, 7R 290, 7R 310.

🚚 Работаем с юридическими лицами. Отправляем по России транспортными компаниями.
📲 Для уточнения срока поставки, совместимости и условий отгрузки напишите в сообщения Авито или позвоните.","1","images/24/R237713_1.jpg","[""images/24/R237713_1.jpg"",""images/24/R237713_2.jpg"",""images/24/R237713_3.jpg"",""images/24/R237713_4.jpg"",""images/24/R237713_5.jpg"",""images/24/R237713_6.jpg"",""images/24/R237713_7.jpg""]"
"R237714","Коническая шестерня John Deere R237714","🔧 Коническая шестерня дифференциала John Deere R237714.

Запчасть John Deere для ремонта и обслуживания техники. Используется в приводе или трансмиссионном узле, где важно совпадение посадочных размеров и каталожного номера.
Продаётся по каталожному номеру R237714. Перед заказом рекомендуем сверить номер с вашей старой деталью или каталогом техники.

📌 Основные данные:
• Артикул: R237714
• Бренд: John Deere
• Наименование: Коническая шестерня дифференциала
• Узел: Трансмиссия / Шестерни и корпуса редукторов
• Раздел: Запчасти → Трансмиссия и мосты
• Вес: 1,043 кг
• Размеры: длина 44,45 мм; высота 101,6 мм
• Фото: 3 шт.

🚜 Применяемость по данным каталога: 8R 230, 8R 250, 8R 280, 8R 310, 8R 340, 8R 370.

🚚 Работаем с юридическими лицами. Отправляем по России транспортными компаниями.
📲 Для уточнения срока поставки, совместимости и условий отгрузки напишите в сообщения Авито или позвоните.","18700","images/24/R237714_1.jpg","[""images/24/R237714_1.jpg"",""images/24/R237714_2.jpg"",""images/24/R237714_3.jpg""]"
"R237715","Коническая шестерня John Deere R237715","🔧 Коническая шестерня дифференциала John Deere R237715.

Запчасть John Deere для ремонта и обслуживания техники. Используется в приводе или трансмиссионном узле, где важно совпадение посадочных размеров и каталожного номера.
Продаётся по каталожному номеру R237715. Перед заказом рекомендуем сверить номер с вашей старой деталью или каталогом техники.

📌 Основные данные:
• Артикул: R237715
• Бренд: John Deere
• Наименование: Коническая шестерня дифференциала
• Узел: Трансмиссия / Шестерни и корпуса редукторов
• Раздел: Запчасти → Трансмиссия и мосты
• Вес: 2,277 кг
• Размеры: длина 93,98 мм; высота 101,6 мм
• Фото: 3 шт.

🚜 Применяемость по данным каталога: 8R 230, 8R 250, 8R 280, 8R 310, 8R 340, 8R 370.

🚚 Работаем с юридическими лицами. Отправляем по России транспортными компаниями.
📲 Для уточнения срока поставки, совместимости и условий отгрузки напишите в сообщения Авито или позвоните.","59000","images/24/R237715_1.jpg","[""images/24/R237715_1.jpg"",""images/24/R237715_2.jpg"",""images/24/R237715_3.jpg""]"
"R240444","Впускной патрубок охладителя John Deere R240444","🔧 Впускной патрубок охладителя наддувочного воздуха John Deere R240444.

Запчасть John Deere для ремонта и обслуживания техники. Предназначена для ремонта гидравлического узла и восстановления нормальной работы системы.
Продаётся по каталожному номеру R240444. Перед заказом рекомендуем сверить номер с вашей старой деталью или каталогом техники.

📌 Основные данные:
• Артикул: R240444
• Бренд: John Deere
• Наименование: Впускной патрубок охладителя наддувочного воздуха
• Узел: Гидравлическая система / Трубопроводы и шланги
• Раздел: Запчасти → Гидравлика
• Вес: 0,059 кг
• Размеры: длина 81,28 мм; высота 65,532 мм
• Фото: 4 шт.

🚜 Применяемость по данным каталога: 7M 200, 7M 215, 7M 230, 7R 210, 7R 230, 7R СЕРИЯ КОМПЛЕКТЫ ТОЧНОГО ЗЕМЛЕДЕЛИЯ.

🚚 Работаем с юридическими лицами. Отправляем по России транспортными компаниями.
📲 Для уточнения срока поставки, совместимости и условий отгрузки напишите в сообщения Авито или позвоните.","2700","images/09/R240444_1.jpg","[""images/09/R240444_1.jpg"",""images/09/R240444_2.jpg"",""images/09/R240444_3.jpg"",""images/09/R240444_4.jpg""]"
"R244964","Левый подъемный рычаг навески John Deere R244964","🔧 Левый подъемный рычаг навески John Deere R244964.

Запчасть John Deere для ремонта и обслуживания техники. Используется при замене изношенной детали в соответствующем узле техники.
Продаётся по каталожному номеру R244964. Перед заказом рекомендуем сверить номер с вашей старой деталью или каталогом техники.

📌 Основные данные:
• Артикул: R244964
• Бренд: John Deere
• Наименование: Левый подъемный рычаг навески
• Узел: Навеска трактора / Подъемные рычаги и тяги
• Раздел: Запчасти → Навеска и тяги
• Вес: 26,172 кг
• Размеры: длина 543,56 мм; ширина 238,76 мм; высота 152,4 мм
• Фото: 6 шт.

🚜 Применяемость по данным каталога: 7M 200, 7M 215, 7M 230, 2204, 7185J, 7195J.

🚚 Работаем с юридическими лицами. Отправляем по России транспортными компаниями.
📲 Для уточнения срока поставки, совместимости и условий отгрузки напишите в сообщения Авито или позвоните.","98000","images/12/R244964_1.jpg","[""images/12/R244964_1.jpg"",""images/12/R244964_2.jpg"",""images/12/R244964_3.jpg"",""images/12/R244964_4.jpg"",""images/12/R244964_5.jpg"",""images/12/R244964_6.jpg""]"
"R244965","Правый подъемный рычаг навески John Deere R244965","🔧 Правый подъемный рычаг навески John Deere R244965.

Запчасть John Deere для ремонта и обслуживания техники. Подходит для ремонта и обслуживания техники John Deere.
Продаётся по каталожному номеру R244965. Перед заказом рекомендуем сверить номер с вашей старой деталью или каталогом техники.

📌 Основные данные:
• Артикул: R244965
• Бренд: John Deere
• Наименование: Правый подъемный рычаг навески
• Узел: Навеска трактора / Подъемные рычаги и тяги
• Раздел: Запчасти → Навеска и тяги
• Вес: 25,855 кг
• Размеры: длина 563,88 мм; ширина 233,68 мм; высота 152,4 мм
• Фото: 7 шт.

🚜 Применяемость по данным каталога: 7M 200, 7M 215, 7M 230, 2204, 7185J, 7195J.

🚚 Работаем с юридическими лицами. Отправляем по России транспортными компаниями.
📲 Для уточнения срока поставки, совместимости и условий отгрузки напишите в сообщения Авито или позвоните.","98000","images/12/R244965_1.jpg","[""images/12/R244965_1.jpg"",""images/12/R244965_2.jpg"",""images/12/R244965_3.jpg"",""images/12/R244965_4.jpg"",""images/12/R244965_5.jpg"",""images/12/R244965_6.jpg"",""images/12/R244965_7.jpg""]"
"R250447","Опорный вал нижней тяги навески John Deere R250447","🔧 Опорный вал нижней тяги навески John Deere R250447.

Запчасть John Deere для ремонта и обслуживания техники. Используется в приводе или трансмиссионном узле, где важно совпадение посадочных размеров и каталожного номера.
Продаётся по каталожному номеру R250447. Перед заказом рекомендуем сверить номер с вашей старой деталью или каталогом техники.

📌 Основные данные:
• Артикул: R250447
• Бренд: John Deere
• Наименование: Опорный вал нижней тяги навески
• Узел: Навеска трактора / Нижние тяги
• Раздел: Запчасти → Навеска и тяги
• Вес: 7,298 кг
• Размеры: длина 647,7 мм; высота 63,5 мм
• Фото: 5 шт.

🚜 Применяемость по данным каталога: 2204, 7630, 7730, 7830, 7930.

🚚 Работаем с юридическими лицами. Отправляем по России транспортными компаниями.
📲 Для уточнения срока поставки, совместимости и условий отгрузки напишите в сообщения Авито или позвоните.","178000","images/12/R250447_1.jpg","[""images/12/R250447_1.jpg"",""images/12/R250447_2.jpg"",""images/12/R250447_3.jpg"",""images/12/R250447_4.jpg"",""images/12/R250447_5.jpg""]"
"R251678","Втулка планетарного тормоза John Deere R251678","🔧 Втулка планетарного тормоза John Deere R251678.

Запчасть John Deere для ремонта и обслуживания техники. Подходит для замены изношенной опоры вращения или посадочного элемента.
Продаётся по каталожному номеру R251678. Перед заказом рекомендуем сверить номер с вашей старой деталью или каталогом техники.

📌 Основные данные:
• Артикул: R251678
• Бренд: John Deere
• Наименование: Втулка планетарного тормоза
• Узел: Тормозная система / Рабочие и стояночные тормоза
• Раздел: Запчасти → Тормозная система
• Вес: 0,785 кг
• Размеры: длина 68,58 мм; высота 88,9 мм
• Размеры: объём 0,746 л
• Фото: 4 шт.

🚜 Применяемость по данным каталога: 6J-1704, 6J-1904, 6M 95, 6M 105, 6M 110, 6M 115.

🚚 Работаем с юридическими лицами. Отправляем по России транспортными компаниями.
📲 Для уточнения срока поставки, совместимости и условий отгрузки напишите в сообщения Авито или позвоните.","13200","images/23/R251678_1.jpg","[""images/23/R251678_1.jpg"",""images/23/R251678_2.jpg"",""images/23/R251678_3.jpg"",""images/23/R251678_4.jpg""]"
"R262976","Внутреннее кольцо конического John Deere R262976","🔧 Внутреннее кольцо конического роликового подшипника John Deere R262976.

Запчасть John Deere для ремонта и обслуживания техники. Подходит для ремонта узла при износе уплотнений, появлении подтеканий или плановом обслуживании.
Продаётся по каталожному номеру R262976. Перед заказом рекомендуем сверить номер с вашей старой деталью или каталогом техники.

📌 Основные данные:
• Артикул: R262976
• Бренд: John Deere
• Наименование: Внутреннее кольцо конического роликового подшипника
• Узел: Подшипники и втулки / Детали подшипников
• Раздел: Запчасти → Подшипники и втулки
• Вес: 0,909 кг
• Размеры: длина 29,972 мм; высота 121,92 мм
• Фото: 5 шт.

🚜 Применяемость по данным каталога: 8R 230, 8R 250, 8R 280, 8R 310, 8R 340, 8R 370.

🚚 Работаем с юридическими лицами. Отправляем по России транспортными компаниями.
📲 Для уточнения срока поставки, совместимости и условий отгрузки напишите в сообщения Авито или позвоните.","13200","images/23/R262976_1.jpg","[""images/23/R262976_1.jpg"",""images/23/R262976_2.jpg"",""images/23/R262976_3.jpg"",""images/23/R262976_4.jpg"",""images/23/R262976_5.jpg""]"
"R270864","Шлицевая муфта со стопорной John Deere R270864","🔧 Шлицевая муфта со стопорной втулкой ВОМ John Deere R270864.

Запчасть John Deere для ремонта и обслуживания техники. Используется в приводе или трансмиссионном узле, где важно совпадение посадочных размеров и каталожного номера.
Продаётся по каталожному номеру R270864. Перед заказом рекомендуем сверить номер с вашей старой деталью или каталогом техники.

📌 Основные данные:
• Артикул: R270864
• Бренд: John Deere
• Наименование: Шлицевая муфта со стопорной втулкой ВОМ
• Узел: Трансмиссия / Карданные валы
• Раздел: Запчасти → Подшипники и втулки
• Вес: 0,426 кг
• Размеры: длина 66,04 мм; высота 50,8 мм
• Фото: 5 шт.

🚜 Применяемость по данным каталога: 8R 230, 8R 250, 8R 280, 8R 310, 8R 340, 8R 370.

🚚 Работаем с юридическими лицами. Отправляем по России транспортными компаниями.
📲 Для уточнения срока поставки, совместимости и условий отгрузки напишите в сообщения Авито или позвоните.","24000","images/23/R270864_1.jpg","[""images/23/R270864_1.jpg"",""images/23/R270864_2.jpg"",""images/23/R270864_3.jpg"",""images/23/R270864_4.jpg"",""images/23/R270864_5.jpg""]"
"R271461","Втулка опоры переднего моста John Deere R271461","🔧 Втулка опоры переднего моста MFWD John Deere R271461.

Запчасть John Deere для ремонта и обслуживания техники. Подходит для замены изношенной опоры вращения или посадочного элемента.
Продаётся по каталожному номеру R271461. Перед заказом рекомендуем сверить номер с вашей старой деталью или каталогом техники.

📌 Основные данные:
• Артикул: R271461
• Бренд: John Deere
• Наименование: Втулка опоры переднего моста MFWD
• Узел: Подшипники и втулки / Втулки
• Раздел: Запчасти → Подшипники и втулки
• Вес: 0,408 кг
• Размеры: длина 44,45 мм; высота 127 мм
• Фото: 3 шт.

🚜 Применяемость по данным каталога: 5E-704, 5E-850H, 5E-854, 5E-904, 5E-954, 5E-1004.

🚚 Работаем с юридическими лицами. Отправляем по России транспортными компаниями.
📲 Для уточнения срока поставки, совместимости и условий отгрузки напишите в сообщения Авито или позвоните.","11900","images/23/R271461_1.jpg","[""images/23/R271461_1.jpg"",""images/23/R271461_2.jpg"",""images/23/R271461_3.jpg""]"
"R285344","Уплотнительное кольцо John Deere R285344","🔧 Уплотнительное кольцо John Deere R285344.

Запчасть John Deere для ремонта и обслуживания техники. Подходит для ремонта узла при износе уплотнений, появлении подтеканий или плановом обслуживании.
Продаётся по каталожному номеру R285344. Перед заказом рекомендуем сверить номер с вашей старой деталью или каталогом техники.

📌 Основные данные:
• Артикул: R285344
• Бренд: John Deere
• Наименование: Уплотнительное кольцо
• Узел: Уплотнения, прокладки и кольца / Уплотнительные кольца и комплекты
• Раздел: Запчасти → Уплотнения и прокладки
• Вес: 0,004 кг
• Размеры: длина 5,08 мм; высота 50,8 мм
• Размеры: объём 0,069 л
• Фото: 1 шт.

🚜 Применяемость по данным каталога: 2854, 8100, 8110, 8120, 8130, 8200.

🚚 Работаем с юридическими лицами. Отправляем по России транспортными компаниями.
📲 Для уточнения срока поставки, совместимости и условий отгрузки напишите в сообщения Авито или позвоните.","1800","images/02/R285344_1.jpg","[""images/02/R285344_1.jpg""]"
"R296222","Входной вал MFWD John Deere R296222","🔧 Входной вал MFWD John Deere R296222.

Запчасть John Deere для ремонта и обслуживания техники. Используется в приводе или трансмиссионном узле, где важно совпадение посадочных размеров и каталожного номера.
Продаётся по каталожному номеру R296222. Перед заказом рекомендуем сверить номер с вашей старой деталью или каталогом техники.

📌 Основные данные:
• Артикул: R296222
• Бренд: John Deere
• Наименование: Входной вал MFWD
• Узел: Трансмиссия / Карданные валы
• Раздел: Запчасти → Трансмиссия и мосты
• Вес: 2,44 кг
• Размеры: длина 241,3 мм; высота 58,42 мм
• Фото: 6 шт.

🚜 Применяемость по данным каталога: 2854, 8130, 8225R, 8230, 8235R, 8245R.

🚚 Работаем с юридическими лицами. Отправляем по России транспортными компаниями.
📲 Для уточнения срока поставки, совместимости и условий отгрузки напишите в сообщения Авито или позвоните.","68000","images/21/R296222_1.jpg","[""images/21/R296222_1.jpg"",""images/21/R296222_2.jpg"",""images/21/R296222_3.jpg"",""images/21/R296222_4.jpg"",""images/21/R296222_5.jpg"",""images/21/R296222_6.jpg""]"
"R300845","Наружное кольцо конического John Deere R300845","🔧 Наружное кольцо конического роликового подшипника John Deere R300845.

Запчасть John Deere для ремонта и обслуживания техники. Подходит для ремонта узла при износе уплотнений, появлении подтеканий или плановом обслуживании.
Продаётся по каталожному номеру R300845. Перед заказом рекомендуем сверить номер с вашей старой деталью или каталогом техники.

📌 Основные данные:
• Артикул: R300845
• Бренд: John Deere
• Наименование: Наружное кольцо конического роликового подшипника
• Узел: Подшипники и втулки / Детали подшипников
• Раздел: Запчасти → Подшипники и втулки
• Вес: 0,454 кг
• Размеры: длина 25,4 мм; высота 129,54 мм
• Фото: 4 шт.

🚜 Применяемость по данным каталога: 8R 230, 8R 250, 8R 280, 8R 310, 8R 340, 8R 370.

🚚 Работаем с юридическими лицами. Отправляем по России транспортными компаниями.
📲 Для уточнения срока поставки, совместимости и условий отгрузки напишите в сообщения Авито или позвоните.","10500","images/23/R300845_1.jpg","[""images/23/R300845_1.jpg"",""images/23/R300845_2.jpg"",""images/23/R300845_3.jpg"",""images/23/R300845_4.jpg""]"
"R304387","Барабан муфты B трансмиссии John Deere R304387","🔧 Барабан муфты B трансмиссии PowerShift™ John Deere R304387.

Запчасть John Deere для ремонта и обслуживания техники. Используется в приводе или трансмиссионном узле, где важно совпадение посадочных размеров и каталожного номера.
Продаётся по каталожному номеру R304387. Перед заказом рекомендуем сверить номер с вашей старой деталью или каталогом техники.

📌 Основные данные:
• Артикул: R304387
• Бренд: John Deere
• Наименование: Барабан муфты B трансмиссии PowerShift™
• Узел: Трансмиссия / Муфты сцепления и компоненты
• Раздел: Запчасти → Трансмиссия и мосты
• Вес: 12,22 кг
• Размеры: длина 119,38 мм; высота 281,94 мм
• Размеры: объём 13,851 л
• Фото: 7 шт.

🚜 Применяемость по данным каталога: 8R 230, 8R 250, 8R 280, 8R 310, 8R 340, 8R 2304.

🚚 Работаем с юридическими лицами. Отправляем по России транспортными компаниями.
📲 Для уточнения срока поставки, совместимости и условий отгрузки напишите в сообщения Авито или позвоните.","139000","images/25/R304387_1.jpg","[""images/25/R304387_1.jpg"",""images/25/R304387_2.jpg"",""images/25/R304387_3.jpg"",""images/25/R304387_4.jpg"",""images/25/R304387_5.jpg"",""images/25/R304387_6.jpg"",""images/25/R304387_7.jpg""]"
"R309701","Правый боковой упор сцепного John Deere R309701","🔧 Правый боковой упор сцепного устройства John Deere R309701.

Запчасть John Deere для ремонта и обслуживания техники. Подходит для ремонта и обслуживания техники John Deere.
Продаётся по каталожному номеру R309701. Перед заказом рекомендуем сверить номер с вашей старой деталью или каталогом техники.

📌 Основные данные:
• Артикул: R309701
• Бренд: John Deere
• Наименование: Правый боковой упор сцепного устройства
• Узел: Навеска и тягово-сцепные устройства / Упоры и буферы
• Раздел: Запчасти → Трансмиссия и мосты
• Вес: 6,124 кг
• Размеры: длина 304,8 мм; ширина 101,6 мм; высота 88,9 мм
• Фото: 7 шт.

🚜 Применяемость по данным каталога: 7R 210, 7R 230, 7R 250, 7R 270, 7R 290, 7R 310.

🚚 Работаем с юридическими лицами. Отправляем по России транспортными компаниями.
📲 Для уточнения срока поставки, совместимости и условий отгрузки напишите в сообщения Авито или позвоните.","28700","images/12/R309701_1.jpg","[""images/12/R309701_1.jpg"",""images/12/R309701_2.jpg"",""images/12/R309701_3.jpg"",""images/12/R309701_4.jpg"",""images/12/R309701_5.jpg"",""images/12/R309701_6.jpg"",""images/12/R309701_7.jpg""]"
"R314670","Вал конечной передачи John Deere R314670","🔧 Вал конечной передачи John Deere R314670.

Запчасть John Deere для ремонта и обслуживания техники. Используется в приводе или трансмиссионном узле, где важно совпадение посадочных размеров и каталожного номера.
Продаётся по каталожному номеру R314670. Перед заказом рекомендуем сверить номер с вашей старой деталью или каталогом техники.

📌 Основные данные:
• Артикул: R314670
• Бренд: John Deere
• Наименование: Вал конечной передачи
• Узел: Трансмиссия / Карданные валы
• Раздел: Запчасти → Трансмиссия и мосты
• Вес: 10,115 кг
• Размеры: длина 350,52 мм; высота 104,14 мм
• Фото: 7 шт.

🚜 Применяемость по данным каталога: 7R 210, 7R 230, 7R 250, 7R 270, 7R 290, 7R 310.

🚚 Работаем с юридическими лицами. Отправляем по России транспортными компаниями.
📲 Для уточнения срока поставки, совместимости и условий отгрузки напишите в сообщения Авито или позвоните.","115000","images/21/R314670_1.jpg","[""images/21/R314670_1.jpg"",""images/21/R314670_2.jpg"",""images/21/R314670_3.jpg"",""images/21/R314670_4.jpg"",""images/21/R314670_5.jpg"",""images/21/R314670_6.jpg"",""images/21/R314670_7.jpg""]"
"R33259","Уплотнительное кольцо John Deere R33259","🔧 Уплотнительное кольцо John Deere R33259.

Запчасть John Deere для ремонта и обслуживания техники. Подходит для ремонта узла при износе уплотнений, появлении подтеканий или плановом обслуживании.
Продаётся по каталожному номеру R33259. Перед заказом рекомендуем сверить номер с вашей старой деталью или каталогом техники.

📌 Основные данные:
• Артикул: R33259
• Бренд: John Deere
• Наименование: Уплотнительное кольцо
• Узел: Уплотнения, прокладки и кольца / Уплотнительные кольца и комплекты
• Раздел: Запчасти → Уплотнения и прокладки
• Вес: 0 кг
• Размеры: длина 2,54 мм; высота 17,78 мм
• Фото: 7 шт.

🚜 Применяемость по данным каталога: 6B-954, 6B-1404, 6BH 110, 6E-1204, 6E-1204P, 6E-1404P.

🚚 Работаем с юридическими лицами. Отправляем по России транспортными компаниями.
📲 Для уточнения срока поставки, совместимости и условий отгрузки напишите в сообщения Авито или позвоните.","80","images/02/R33259_1.jpg","[""images/02/R33259_1.jpg"",""images/02/R33259_2.jpg"",""images/02/R33259_3.jpg"",""images/02/R33259_4.jpg"",""images/02/R33259_5.jpg"",""images/02/R33259_6.jpg"",""images/02/R33259_7.jpg""]"
"R337538","Коническая шестерня John Deere R337538","🔧 Коническая шестерня дифференциала John Deere R337538.

Запчасть John Deere для ремонта и обслуживания техники. Используется в приводе или трансмиссионном узле, где важно совпадение посадочных размеров и каталожного номера.
Продаётся по каталожному номеру R337538. Перед заказом рекомендуем сверить номер с вашей старой деталью или каталогом техники.

📌 Основные данные:
• Артикул: R337538
• Бренд: John Deere
• Наименование: Коническая шестерня дифференциала
• Узел: Трансмиссия / Шестерни и корпуса редукторов
• Раздел: Запчасти → Трансмиссия и мосты
• Вес: 2,567 кг
• Размеры: длина 119,38 мм; высота 104,14 мм
• Фото: 4 шт.

🚜 Применяемость по данным каталога: 8R 230, 8R 250, 8R 280, 8R 310, 8R 340, 8R 370.

🚚 Работаем с юридическими лицами. Отправляем по России транспортными компаниями.
📲 Для уточнения срока поставки, совместимости и условий отгрузки напишите в сообщения Авито или позвоните.","82300","images/24/R337538_1.jpg","[""images/24/R337538_1.jpg"",""images/24/R337538_2.jpg"",""images/24/R337538_3.jpg"",""images/24/R337538_4.jpg""]"
"R340344","Ведущая шестерня PMFWD John Deere R340344","🔧 Ведущая шестерня PMFWD John Deere R340344.

Запчасть John Deere для ремонта и обслуживания техники. Используется в приводе или трансмиссионном узле, где важно совпадение посадочных размеров и каталожного номера.
Продаётся по каталожному номеру R340344. Перед заказом рекомендуем сверить номер с вашей старой деталью или каталогом техники.

📌 Основные данные:
• Артикул: R340344
• Бренд: John Deere
• Наименование: Ведущая шестерня PMFWD
• Узел: Трансмиссия / Шестерни и корпуса редукторов
• Раздел: Запчасти → Трансмиссия и мосты
• Вес: 2,413 кг
• Размеры: длина 172,72 мм; высота 88,9 мм
• Размеры: объём 2,622 л
• Фото: 2 шт.

🚜 Применяемость по данным каталога: 8R 230, 8R 250, 8R 280, 8R 310, 8R 340, 8R 370.

🚚 Работаем с юридическими лицами. Отправляем по России транспортными компаниями.
📲 Для уточнения срока поставки, совместимости и условий отгрузки напишите в сообщения Авито или позвоните.","112000","images/24/R340344_1.jpg","[""images/24/R340344_1.jpg"",""images/24/R340344_2.jpg""]"
"R49841","Ступица переднего колеса John Deere R49841","🔧 Ступица переднего колеса John Deere R49841.

Запчасть John Deere для ремонта и обслуживания техники. Используется в приводе или трансмиссионном узле, где важно совпадение посадочных размеров и каталожного номера.
Продаётся по каталожному номеру R49841. Перед заказом рекомендуем сверить номер с вашей старой деталью или каталогом техники.

📌 Основные данные:
• Артикул: R49841
• Бренд: John Deere
• Наименование: Ступица переднего колеса
• Узел: Колеса, шины и гусеницы / Ступицы
• Раздел: Запчасти → Трансмиссия и мосты
• Вес: 11,793 кг
• Размеры: длина 144,78 мм; высота 231,14 мм
• Размеры: объём 12,129 л
• Фото: 7 шт.

🚜 Применяемость по данным каталога: 210C, 210LE, 300D, 310D, 310E, 310G.

🚚 Работаем с юридическими лицами. Отправляем по России транспортными компаниями.
📲 Для уточнения срока поставки, совместимости и условий отгрузки напишите в сообщения Авито или позвоните.","27000","images/17/R49841_1.jpg","[""images/17/R49841_1.jpg"",""images/17/R49841_2.jpg"",""images/17/R49841_3.jpg"",""images/17/R49841_4.jpg"",""images/17/R49841_5.jpg"",""images/17/R49841_6.jpg"",""images/17/R49841_7.jpg""]"
"R518254","Шестерня John Deere R518254","🔧 Шестерня топливоподкачивающего насоса John Deere R518254.

Запчасть John Deere для ремонта и обслуживания техники. Используется в приводе или трансмиссионном узле, где важно совпадение посадочных размеров и каталожного номера.
Продаётся по каталожному номеру R518254. Перед заказом рекомендуем сверить номер с вашей старой деталью или каталогом техники.

📌 Основные данные:
• Артикул: R518254
• Бренд: John Deere
• Наименование: Шестерня топливоподкачивающего насоса
• Узел: Трансмиссия / Шестерни и корпуса редукторов
• Раздел: Запчасти → Трансмиссия и мосты
• Вес: 0,635 кг
• Размеры: длина 31,75 мм; высота 92,71 мм
• Фото: 7 шт.

🚜 Применяемость по данным каталога: 250D, 250D-II, 260E, 300D-II, 300DW, 300WW.

🚚 Работаем с юридическими лицами. Отправляем по России транспортными компаниями.
📲 Для уточнения срока поставки, совместимости и условий отгрузки напишите в сообщения Авито или позвоните.","58900","images/11/R518254_1.jpg","[""images/11/R518254_1.jpg"",""images/11/R518254_2.jpg"",""images/11/R518254_3.jpg"",""images/11/R518254_4.jpg"",""images/11/R518254_5.jpg"",""images/11/R518254_6.jpg"",""images/11/R518254_7.jpg""]"
"R520844","Прокладка двигателя John Deere R520844","🔧 Прокладка двигателя John Deere R520844.

Запчасть John Deere для ремонта и обслуживания техники. Подходит для ремонта узла при износе уплотнений, появлении подтеканий или плановом обслуживании.
Продаётся по каталожному номеру R520844. Перед заказом рекомендуем сверить номер с вашей старой деталью или каталогом техники.

📌 Основные данные:
• Артикул: R520844
• Бренд: John Deere
• Наименование: Прокладка двигателя
• Узел: Уплотнения, прокладки и кольца / Прокладки и комплекты прокладок
• Раздел: Запчасти → Уплотнения и прокладки
• Вес: 0,395 кг
• Размеры: длина 895,35 мм; ширина 355,6 мм; высота 0,254 мм
• Фото: 5 шт.

🚜 Применяемость по данным каталога: 250D, 250D-II, 300D-II, 300DW, 300WW, 350 P.

🚚 Работаем с юридическими лицами. Отправляем по России транспортными компаниями.
📲 Для уточнения срока поставки, совместимости и условий отгрузки напишите в сообщения Авито или позвоните.","8200","images/04/R520844_1.jpg","[""images/04/R520844_1.jpg"",""images/04/R520844_2.jpg"",""images/04/R520844_3.jpg"",""images/04/R520844_4.jpg"",""images/04/R520844_5.jpg""]"
"R521040","Уплотнительное кольцо John Deere R521040","🔧 Уплотнительное кольцо John Deere R521040.

Запчасть John Deere для ремонта и обслуживания техники. Подходит для ремонта узла при износе уплотнений, появлении подтеканий или плановом обслуживании.
Продаётся по каталожному номеру R521040. Перед заказом рекомендуем сверить номер с вашей старой деталью или каталогом техники.

📌 Основные данные:
• Артикул: R521040
• Бренд: John Deere
• Наименование: Уплотнительное кольцо
• Узел: Уплотнения, прокладки и кольца / Уплотнительные кольца и комплекты
• Раздел: Запчасти → Уплотнения и прокладки
• Вес: 0,001 кг
• Размеры: длина 2,54 мм; высота 55,372 мм
• Фото: 2 шт.

🚜 Применяемость по данным каталога: 7R 290, 7R 310, 7R 330, 7R 350, 8R 230, 8R 250.

🚚 Работаем с юридическими лицами. Отправляем по России транспортными компаниями.
📲 Для уточнения срока поставки, совместимости и условий отгрузки напишите в сообщения Авито или позвоните.","300","images/02/R521040_1.jpg","[""images/02/R521040_1.jpg"",""images/02/R521040_2.jpg""]"
"R522884","Распределительный вал John Deere R522884","🔧 Распределительный вал John Deere R522884.

Запчасть John Deere для ремонта и обслуживания техники. Используется в приводе или трансмиссионном узле, где важно совпадение посадочных размеров и каталожного номера.
Продаётся по каталожному номеру R522884. Перед заказом рекомендуем сверить номер с вашей старой деталью или каталогом техники.

📌 Основные данные:
• Артикул: R522884
• Бренд: John Deere
• Наименование: Распределительный вал
• Узел: Детали двигателя / Распределительные валы
• Раздел: Запчасти → Трансмиссия и мосты
• Вес: 14,56 кг
• Размеры: длина 883,92 мм; высота 68,58 мм
• Фото: 6 шт.

🚜 Применяемость по данным каталога: 7R 290, 7R 310, 7R 330, 7R 350, 8R 230, 8R 250.

🚚 Работаем с юридическими лицами. Отправляем по России транспортными компаниями.
📲 Для уточнения срока поставки, совместимости и условий отгрузки напишите в сообщения Авито или позвоните.","118000","images/20/R522884_1.jpg","[""images/20/R522884_1.jpg"",""images/20/R522884_2.jpg"",""images/20/R522884_3.jpg"",""images/20/R522884_4.jpg"",""images/20/R522884_5.jpg"",""images/20/R522884_6.jpg""]"
"R524512","Масляная трубка John Deere R524512","🔧 Масляная трубка John Deere R524512.

Запчасть John Deere для ремонта и обслуживания техники. Предназначена для ремонта гидравлического узла и восстановления нормальной работы системы.
Продаётся по каталожному номеру R524512. Перед заказом рекомендуем сверить номер с вашей старой деталью или каталогом техники.

📌 Основные данные:
• Артикул: R524512
• Бренд: John Deere
• Наименование: Масляная трубка
• Узел: Гидравлическая система / Маслопроводы и шланги
• Раздел: Запчасти → Гидравлика
• Вес: 0,399 кг
• Размеры: длина 383,54 мм; высота 30,48 мм
• Фото: 6 шт.

🚜 Применяемость по данным каталога: 7R 290, 7R 310, 7R 330, 7R 350, 8R 230, 8R 250.

🚚 Работаем с юридическими лицами. Отправляем по России транспортными компаниями.
📲 Для уточнения срока поставки, совместимости и условий отгрузки напишите в сообщения Авито или позвоните.","11200","images/03/R524512_1.jpg","[""images/03/R524512_1.jpg"",""images/03/R524512_2.jpg"",""images/03/R524512_3.jpg"",""images/03/R524512_4.jpg"",""images/03/R524512_5.jpg"",""images/03/R524512_6.jpg""]"
"R528098","Шестерня распределительного John Deere R528098","🔧 Шестерня распределительного вала John Deere R528098.

Запчасть John Deere для ремонта и обслуживания техники. Используется в приводе или трансмиссионном узле, где важно совпадение посадочных размеров и каталожного номера.
Продаётся по каталожному номеру R528098. Перед заказом рекомендуем сверить номер с вашей старой деталью или каталогом техники.

📌 Основные данные:
• Артикул: R528098
• Бренд: John Deere
• Наименование: Шестерня распределительного вала
• Узел: Трансмиссия / Шестерни и корпуса редукторов
• Раздел: Запчасти → Трансмиссия и мосты
• Вес: 3,461 кг
• Размеры: длина 363,22 мм; ширина 335,28 мм; высота 53,34 мм
• Фото: 7 шт.

🚜 Применяемость по данным каталога: 250D, 250D-II, 260E, 300D-II, 300DW, 300WW.

🚚 Работаем с юридическими лицами. Отправляем по России транспортными компаниями.
📲 Для уточнения срока поставки, совместимости и условий отгрузки напишите в сообщения Авито или позвоните.","74000","images/24/R528098_1.jpg","[""images/24/R528098_1.jpg"",""images/24/R528098_2.jpg"",""images/24/R528098_3.jpg"",""images/24/R528098_4.jpg"",""images/24/R528098_5.jpg"",""images/24/R528098_6.jpg"",""images/24/R528098_7.jpg""]"
"R532464","Прокладка масляного поддона John Deere R532464","🔧 Прокладка масляного поддона двигателя John Deere R532464.

Запчасть John Deere для ремонта и обслуживания техники. Подходит для ремонта узла при износе уплотнений, появлении подтеканий или плановом обслуживании.
Продаётся по каталожному номеру R532464. Перед заказом рекомендуем сверить номер с вашей старой деталью или каталогом техники.

📌 Основные данные:
• Артикул: R532464
• Бренд: John Deere
• Наименование: Прокладка масляного поддона двигателя
• Узел: Уплотнения, прокладки и кольца / Прокладки и комплекты прокладок
• Раздел: Запчасти → Уплотнения и прокладки
• Вес: 0,054 кг
• Размеры: длина 882,65 мм; ширина 317,5 мм; высота 2,54 мм
• Фото: 5 шт.

🚜 Применяемость по данным каталога: 8R 410, 250D, 250D-II, 260E, 300D-II, 300DW.

🚚 Работаем с юридическими лицами. Отправляем по России транспортными компаниями.
📲 Для уточнения срока поставки, совместимости и условий отгрузки напишите в сообщения Авито или позвоните.","7100","images/04/R532464_1.jpg","[""images/04/R532464_1.jpg"",""images/04/R532464_2.jpg"",""images/04/R532464_3.jpg"",""images/04/R532464_4.jpg"",""images/04/R532464_5.jpg""]"
"R55081","Игольчатый роликовый подшипник John Deere R55081","🔧 Игольчатый роликовый подшипник пальца John Deere R55081.

Запчасть John Deere для ремонта и обслуживания техники. Подходит для замены изношенной опоры вращения или посадочного элемента.
Продаётся по каталожному номеру R55081. Перед заказом рекомендуем сверить номер с вашей старой деталью или каталогом техники.

📌 Основные данные:
• Артикул: R55081
• Бренд: John Deere
• Наименование: Игольчатый роликовый подшипник пальца
• Узел: Подшипники и втулки / Роликовые подшипники
• Раздел: Запчасти → Подшипники и втулки
• Вес: 0,009 кг
• Размеры: длина 38,1 мм; высота 6,35 мм
• Фото: 4 шт.

🚜 Применяемость по данным каталога: 7R 210, 7R 230, 7R 250, 7R 270, 7R 290, 7R 310.

🚚 Работаем с юридическими лицами. Отправляем по России транспортными компаниями.
📲 Для уточнения срока поставки, совместимости и условий отгрузки напишите в сообщения Авито или позвоните.","100","images/23/R55081_1.jpg","[""images/23/R55081_1.jpg"",""images/23/R55081_2.jpg"",""images/23/R55081_3.jpg"",""images/23/R55081_4.jpg""]"
"R551838","Тормозная втулка корпуса John Deere R551838","🔧 Тормозная втулка корпуса сцепления John Deere R551838.

Запчасть John Deere для ремонта и обслуживания техники. Используется в приводе или трансмиссионном узле, где важно совпадение посадочных размеров и каталожного номера.
Продаётся по каталожному номеру R551838. Перед заказом рекомендуем сверить номер с вашей старой деталью или каталогом техники.

📌 Основные данные:
• Артикул: R551838
• Бренд: John Deere
• Наименование: Тормозная втулка корпуса сцепления
• Узел: Трансмиссия / Муфты сцепления и компоненты
• Раздел: Запчасти → Трансмиссия и мосты
• Вес: 0,907 кг
• Размеры: длина 60,96 мм; высота 101,6 мм
• Фото: 4 шт.

🚜 Применяемость по данным каталога: 6J-1704, 6J-1904, 6M 95, 6M 105, 6M 110, 6M 115.

🚚 Работаем с юридическими лицами. Отправляем по России транспортными компаниями.
📲 Для уточнения срока поставки, совместимости и условий отгрузки напишите в сообщения Авито или позвоните.","12800","images/16/R551838_1.jpg","[""images/16/R551838_1.jpg"",""images/16/R551838_2.jpg"",""images/16/R551838_3.jpg"",""images/16/R551838_4.jpg""]"
"R560122","Планетарная шестерня John Deere R560122","🔧 Планетарная шестерня John Deere R560122.

Запчасть John Deere для ремонта и обслуживания техники. Используется в приводе или трансмиссионном узле, где важно совпадение посадочных размеров и каталожного номера.
Продаётся по каталожному номеру R560122. Перед заказом рекомендуем сверить номер с вашей старой деталью или каталогом техники.

📌 Основные данные:
• Артикул: R560122
• Бренд: John Deere
• Наименование: Планетарная шестерня
• Узел: Трансмиссия / Шестерни и корпуса редукторов
• Раздел: Запчасти → Трансмиссия и мосты
• Вес: 12,02 кг
• Размеры: длина 101,6 мм; высота 177,8 мм
• Фото: 7 шт.

🚜 Применяемость по данным каталога: 8R 310, 8R 340, 8R 370, 8R 410, 8R 2304, 8R 2704.

🚚 Работаем с юридическими лицами. Отправляем по России транспортными компаниями.
📲 Для уточнения срока поставки, совместимости и условий отгрузки напишите в сообщения Авито или позвоните.","102200","images/24/R560122_1.jpg","[""images/24/R560122_1.jpg"",""images/24/R560122_2.jpg"",""images/24/R560122_3.jpg"",""images/24/R560122_4.jpg"",""images/24/R560122_5.jpg"",""images/24/R560122_6.jpg"",""images/24/R560122_7.jpg""]"
"R560525","Вал-шестерня John Deere R560525","🔧 Вал-шестерня John Deere R560525.

Запчасть John Deere для ремонта и обслуживания техники. Используется в приводе или трансмиссионном узле, где важно совпадение посадочных размеров и каталожного номера.
Продаётся по каталожному номеру R560525. Перед заказом рекомендуем сверить номер с вашей старой деталью или каталогом техники.

📌 Основные данные:
• Артикул: R560525
• Бренд: John Deere
• Наименование: Вал-шестерня
• Узел: Трансмиссия / Шестерни и корпуса редукторов
• Раздел: Запчасти → Трансмиссия и мосты
• Вес: 3,075 кг
• Размеры: длина 157,48 мм; высота 78,74 мм
• Фото: 5 шт.

🚜 Применяемость по данным каталога: 8R 310, 8R 340, 8R 370, 8R 410, 8R 2304, 8R 2704.

🚚 Работаем с юридическими лицами. Отправляем по России транспортными компаниями.
📲 Для уточнения срока поставки, совместимости и условий отгрузки напишите в сообщения Авито или позвоните.","36000","images/24/R560525_1.jpg","[""images/24/R560525_1.jpg"",""images/24/R560525_2.jpg"",""images/24/R560525_3.jpg"",""images/24/R560525_4.jpg"",""images/24/R560525_5.jpg""]"
"R560935","Левый подъемный рычаг John Deere R560935","🔧 Левый подъемный рычаг John Deere R560935.

Запчасть John Deere для ремонта и обслуживания техники. Подбирается по каталожному номеру для ремонта техники John Deere.
Продаётся по каталожному номеру R560935. Перед заказом рекомендуем сверить номер с вашей старой деталью или каталогом техники.

📌 Основные данные:
• Артикул: R560935
• Бренд: John Deere
• Наименование: Левый подъемный рычаг
• Узел: Детали навесного оборудования трактора / Рычаги и тяги подъема
• Раздел: Запчасти → Навеска и тяги
• Вес: 30 кг
• Размеры: длина 660,4 мм; ширина 241,3 мм; высота 165,1 мм
• Фото: 4 шт.

🚜 Применяемость по данным каталога: 7R 210, 7R 230, 7R 250, 7R 270, 7R 290, 7R 310.

🚚 Работаем с юридическими лицами. Отправляем по России транспортными компаниями.
📲 Для уточнения срока поставки, совместимости и условий отгрузки напишите в сообщения Авито или позвоните.","98000","images/12/R560935_1.jpg","[""images/12/R560935_1.jpg"",""images/12/R560935_2.jpg"",""images/12/R560935_3.jpg"",""images/12/R560935_4.jpg""]"
"R560938","Правый подъемный рычаг John Deere R560938","🔧 Правый подъемный рычаг John Deere R560938.

Запчасть John Deere для ремонта и обслуживания техники. Используется при замене изношенной детали в соответствующем узле техники.
Продаётся по каталожному номеру R560938. Перед заказом рекомендуем сверить номер с вашей старой деталью или каталогом техники.

📌 Основные данные:
• Артикул: R560938
• Бренд: John Deere
• Наименование: Правый подъемный рычаг
• Узел: Детали навесного оборудования трактора / Рычаги и тяги подъема
• Раздел: Запчасти → Навеска и тяги
• Вес: 30 кг
• Размеры: длина 660,4 мм; ширина 241,3 мм; высота 165,1 мм
• Фото: 4 шт.

🚜 Применяемость по данным каталога: 7R 210, 7R 230, 7R 250, 7R 270, 7R 290, 7R 310.

🚚 Работаем с юридическими лицами. Отправляем по России транспортными компаниями.
📲 Для уточнения срока поставки, совместимости и условий отгрузки напишите в сообщения Авито или позвоните.","102000","images/12/R560938_1.jpg","[""images/12/R560938_1.jpg"",""images/12/R560938_2.jpg"",""images/12/R560938_3.jpg"",""images/12/R560938_4.jpg""]"
"R562721","Задний выходной вал ВОМ John Deere R562721","🔧 Задний выходной вал ВОМ John Deere R562721.

Запчасть John Deere для ремонта и обслуживания техники. Используется в приводе или трансмиссионном узле, где важно совпадение посадочных размеров и каталожного номера.
Продаётся по каталожному номеру R562721. Перед заказом рекомендуем сверить номер с вашей старой деталью или каталогом техники.

📌 Основные данные:
• Артикул: R562721
• Бренд: John Deere
• Наименование: Задний выходной вал ВОМ
• Узел: Трансмиссия / Валы отбора мощности
• Раздел: Запчасти → Трансмиссия и мосты
• Вес: 2,454 кг
• Размеры: длина 254 мм; высота 63,5 мм
• Фото: 7 шт.

🚜 Применяемость по данным каталога: 8R 230, 8R 250, 8R 280, 8R 310, 8R 340, 8R 2304.

🚚 Работаем с юридическими лицами. Отправляем по России транспортными компаниями.
📲 Для уточнения срока поставки, совместимости и условий отгрузки напишите в сообщения Авито или позвоните.","45000","images/22/R562721_1.jpg","[""images/22/R562721_1.jpg"",""images/22/R562721_2.jpg"",""images/22/R562721_3.jpg"",""images/22/R562721_4.jpg"",""images/22/R562721_5.jpg"",""images/22/R562721_6.jpg"",""images/22/R562721_7.jpg""]"
"R565995","Перепускная топливная трубка John Deere R565995","🔧 Перепускная топливная трубка John Deere R565995.

Запчасть John Deere для ремонта и обслуживания техники. Предназначена для ремонта гидравлического узла и восстановления нормальной работы системы.
Продаётся по каталожному номеру R565995. Перед заказом рекомендуем сверить номер с вашей старой деталью или каталогом техники.

📌 Основные данные:
• Артикул: R565995
• Бренд: John Deere
• Наименование: Перепускная топливная трубка
• Узел: Навесное оборудование двигателя / Топливная система
• Раздел: Запчасти → Двигатель
• Вес: 0,853 кг
• Размеры: длина 660,4 мм; высота 76,2 мм
• Фото: 7 шт.

🚜 Применяемость по данным каталога: 2204, 7195J, 7200J, 7210J, 7215J, 7225J.

🚚 Работаем с юридическими лицами. Отправляем по России транспортными компаниями.
📲 Для уточнения срока поставки, совместимости и условий отгрузки напишите в сообщения Авито или позвоните.","14500","images/03/R565995_1.jpg","[""images/03/R565995_1.jpg"",""images/03/R565995_2.jpg"",""images/03/R565995_3.jpg"",""images/03/R565995_4.jpg"",""images/03/R565995_5.jpg"",""images/03/R565995_6.jpg"",""images/03/R565995_7.jpg""]"
"R572465","Вилка тяги подъема John Deere R572465","🔧 Вилка тяги подъема John Deere R572465.

Запчасть John Deere для ремонта и обслуживания техники. Используется в приводе или трансмиссионном узле, где важно совпадение посадочных размеров и каталожного номера.
Продаётся по каталожному номеру R572465. Перед заказом рекомендуем сверить номер с вашей старой деталью или каталогом техники.

📌 Основные данные:
• Артикул: R572465
• Бренд: John Deere
• Наименование: Вилка тяги подъема
• Узел: Трансмиссия / Карданные валы
• Раздел: Запчасти → Трансмиссия и мосты
• Вес: 6,595 кг
• Размеры: длина 292,1 мм; ширина 137,16 мм; высота 91,44 мм
• Фото: 3 шт.

🚜 Применяемость по данным каталога: 7R 210, 7R 230, 7R 250, 7R 270, 7R 290, 7R 310.

🚚 Работаем с юридическими лицами. Отправляем по России транспортными компаниями.
📲 Для уточнения срока поставки, совместимости и условий отгрузки напишите в сообщения Авито или позвоните.","27500","images/21/R572465_1.jpg","[""images/21/R572465_1.jpg"",""images/21/R572465_2.jpg"",""images/21/R572465_3.jpg""]"
"R572773","Патрубок холодной стороны John Deere R572773","🔧 Патрубок холодной стороны охладителя наддувочного воздуха John Deere R572773.

Запчасть John Deere для ремонта и обслуживания техники. Предназначена для ремонта гидравлического узла и восстановления нормальной работы системы.
Продаётся по каталожному номеру R572773. Перед заказом рекомендуем сверить номер с вашей старой деталью или каталогом техники.

📌 Основные данные:
• Артикул: R572773
• Бренд: John Deere
• Наименование: Патрубок холодной стороны охладителя наддувочного воздуха
• Узел: Гидравлическая система / Трубопроводы и шланги
• Раздел: Запчасти → Гидравлика
• Вес: 1,236 кг
• Размеры: длина 787,4 мм; ширина 88,9 мм; высота 88,9 мм
• Фото: 2 шт.

🚜 Применяемость по данным каталога: 2704, 2904, 3204, 8225R, 8245R, 8250R.

🚚 Работаем с юридическими лицами. Отправляем по России транспортными компаниями.
📲 Для уточнения срока поставки, совместимости и условий отгрузки напишите в сообщения Авито или позвоните.","13600","images/09/R572773_1.jpg","[""images/09/R572773_1.jpg"",""images/09/R572773_2.jpg""]"
"R58615","Пробка John Deere R58615","🔧 Пробка John Deere R58615.

Запчасть John Deere для ремонта и обслуживания техники. Подходит для ремонта узла при износе уплотнений, появлении подтеканий или плановом обслуживании.
Продаётся по каталожному номеру R58615. Перед заказом рекомендуем сверить номер с вашей старой деталью или каталогом техники.

📌 Основные данные:
• Артикул: R58615
• Бренд: John Deere
• Наименование: Пробка
• Узел: Уплотнения, прокладки и кольца / Пробки
• Раздел: Запчасти → Уплотнения и прокладки
• Вес: 0,141 кг
• Размеры: длина 12,7 мм; высота 109,22 мм
• Размеры: объём 0,426 л
• Фото: 4 шт.

🚜 Применяемость по данным каталога: 8R 230, 8R 250, 8R 280, 8R 310, 8R 340, 8R 370.

🚚 Работаем с юридическими лицами. Отправляем по России транспортными компаниями.
📲 Для уточнения срока поставки, совместимости и условий отгрузки напишите в сообщения Авито или позвоните.","2900","images/02/R58615_1.jpg","[""images/02/R58615_1.jpg"",""images/02/R58615_2.jpg"",""images/02/R58615_3.jpg"",""images/02/R58615_4.jpg""]"
"R82908","Диск дифференциала John Deere R82908","🔧 Диск дифференциала John Deere R82908.

Запчасть John Deere для ремонта и обслуживания техники. Подбирается по каталожному номеру для ремонта техники John Deere.
Продаётся по каталожному номеру R82908. Перед заказом рекомендуем сверить номер с вашей старой деталью или каталогом техники.

📌 Основные данные:
• Артикул: R82908
• Бренд: John Deere
• Наименование: Диск дифференциала
• Узел: Трансмиссия / Мосты и компоненты мостов
• Раздел: Запчасти → Трансмиссия и мосты
• Вес: 0,059 кг
• Размеры: длина 1,524 мм; высота 93,98 мм
• Фото: 1 шт.

🚜 Применяемость по данным каталога: 7M 200, 7M 215, 7M 230, 7R 210, 7R 230, 7R 250.

🚚 Работаем с юридическими лицами. Отправляем по России транспортными компаниями.
📲 Для уточнения срока поставки, совместимости и условий отгрузки напишите в сообщения Авито или позвоните.","3100","images/24/R82908_1.jpg","[""images/24/R82908_1.jpg""]"
"R85168","Скоба крепления подшипника John Deere R85168","🔧 Скоба крепления подшипника John Deere R85168.

Запчасть John Deere для ремонта и обслуживания техники. Применяется как крепёжный или опорный элемент в соответствующем узле техники.
Продаётся по каталожному номеру R85168. Перед заказом рекомендуем сверить номер с вашей старой деталью или каталогом техники.

📌 Основные данные:
• Артикул: R85168
• Бренд: John Deere
• Наименование: Скоба крепления подшипника
• Узел: Крепеж / Зажимы и хомуты
• Раздел: Запчасти → Подшипники и втулки
• Вес: 0,05 кг
• Размеры: длина 72,39 мм; ширина 22,86 мм; высота 22,86 мм
• Фото: 7 шт.

🚜 Применяемость по данным каталога: 7M 200, 7M 215, 7M 230, 710 P, 710D, 710G.

🚚 Работаем с юридическими лицами. Отправляем по России транспортными компаниями.
📲 Для уточнения срока поставки, совместимости и условий отгрузки напишите в сообщения Авито или позвоните.","1100","images/23/R85168_1.jpg","[""images/23/R85168_1.jpg"",""images/23/R85168_2.jpg"",""images/23/R85168_3.jpg"",""images/23/R85168_4.jpg"",""images/23/R85168_5.jpg"",""images/23/R85168_6.jpg"",""images/23/R85168_7.jpg""]"
"R85169","4"") John Deere R85169","🔧 4"") John Deere R85169.

Запчасть John Deere для ремонта и обслуживания техники. Применяется как крепёжный или опорный элемент в соответствующем узле техники.
Продаётся по каталожному номеру R85169. Перед заказом рекомендуем сверить номер с вашей старой деталью или каталогом техники.

📌 Основные данные:
• Артикул: R85169
• Бренд: John Deere
• Наименование: 4"")
• Узел: Крепеж / Винты
• Раздел: Запчасти → Крепёж
• Вес: 0,018 кг
• Размеры: длина 28,956 мм; высота 15,24 мм
• Фото: 6 шт.

🚜 Применяемость по данным каталога: 7M 200, 7M 215, 7M 230, 524 P, 524K, 524K-II.

🚚 Работаем с юридическими лицами. Отправляем по России транспортными компаниями.
📲 Для уточнения срока поставки, совместимости и условий отгрузки напишите в сообщения Авито или позвоните.","300","images/06/R85169_1.jpg","[""images/06/R85169_1.jpg"",""images/06/R85169_2.jpg"",""images/06/R85169_3.jpg"",""images/06/R85169_4.jpg"",""images/06/R85169_5.jpg"",""images/06/R85169_6.jpg""]"
"R99466","Упорная шайба с буртом John Deere R99466","🔧 Упорная шайба с буртом John Deere R99466.

Запчасть John Deere для ремонта и обслуживания техники. Применяется как крепёжный или опорный элемент в соответствующем узле техники.
Продаётся по каталожному номеру R99466. Перед заказом рекомендуем сверить номер с вашей старой деталью или каталогом техники.

📌 Основные данные:
• Артикул: R99466
• Бренд: John Deere
• Наименование: Упорная шайба с буртом
• Узел: Крепеж / Шайбы
• Раздел: Запчасти → Крепёж
• Вес: 0,023 кг
• Размеры: длина 2,54 мм; высота 118,11 мм
• Размеры: объём 0,059 л
• Фото: 4 шт.

🚜 Применяемость по данным каталога: 7R 210, 7R 230, 7R 250, 7R 270, 7R 290, 7R 310.

🚚 Работаем с юридическими лицами. Отправляем по России транспортными компаниями.
📲 Для уточнения срока поставки, совместимости и условий отгрузки напишите в сообщения Авито или позвоните.","5359","images/06/R99466_1.jpg","[""images/06/R99466_1.jpg"",""images/06/R99466_2.jpg"",""images/06/R99466_3.jpg"",""images/06/R99466_4.jpg""]"
"RE151059","Диск планетарного тормоза John Deere RE151059","🔧 Диск планетарного тормоза John Deere RE151059.

Запчасть John Deere для ремонта и обслуживания техники. Используется в приводе или трансмиссионном узле, где важно совпадение посадочных размеров и каталожного номера.
Продаётся по каталожному номеру RE151059. Перед заказом рекомендуем сверить номер с вашей старой деталью или каталогом техники.

📌 Основные данные:
• Артикул: RE151059
• Бренд: John Deere
• Наименование: Диск планетарного тормоза
• Узел: Трансмиссия / Муфты сцепления и компоненты
• Раздел: Запчасти → Трансмиссия и мосты
• Вес: 0,844 кг
• Размеры: длина 5,08 мм; высота 292,1 мм
• Размеры: объём 1,469 л
• Фото: 4 шт.

🚜 Применяемость по данным каталога: 6J-1704, 6J-1904, 6M 105, 6M 110, 6M 115, 6M 120.

🚚 Работаем с юридическими лицами. Отправляем по России транспортными компаниями.
📲 Для уточнения срока поставки, совместимости и условий отгрузки напишите в сообщения Авито или позвоните.","6700","images/14/RE151059_1.jpg","[""images/14/RE151059_1.jpg"",""images/14/RE151059_2.jpg"",""images/14/RE151059_3.jpg"",""images/14/RE151059_4.jpg""]"
"RE168641","Сальник моста John Deere RE168641","🔧 Сальник моста John Deere RE168641.

Запчасть John Deere для ремонта и обслуживания техники. Подходит для ремонта узла при износе уплотнений, появлении подтеканий или плановом обслуживании.
Продаётся по каталожному номеру RE168641. Перед заказом рекомендуем сверить номер с вашей старой деталью или каталогом техники.

📌 Основные данные:
• Артикул: RE168641
• Бренд: John Deere
• Наименование: Сальник моста
• Узел: Уплотнения, прокладки и кольца / Сальники и комплекты уплотнений
• Раздел: Запчасти → Уплотнения и прокладки
• Вес: 0,377 кг
• Размеры: длина 15,24 мм; высота 182,88 мм
• Фото: 4 шт.

🚜 Применяемость по данным каталога: 6M 95, 6M 105, 6M 110, 6M 115, 6M 125, 6M 130.

🚚 Работаем с юридическими лицами. Отправляем по России транспортными компаниями.
📲 Для уточнения срока поставки, совместимости и условий отгрузки напишите в сообщения Авито или позвоните.","12100","images/02/RE168641_1.jpg","[""images/02/RE168641_1.jpg"",""images/02/RE168641_2.jpg"",""images/02/RE168641_3.jpg"",""images/02/RE168641_4.jpg""]"
"RE168771","Подъемная тяга навески John Deere RE168771","🔧 Подъемная тяга навески John Deere RE168771.

Запчасть John Deere для ремонта и обслуживания техники. Используется при замене изношенной детали в соответствующем узле техники.
Продаётся по каталожному номеру RE168771. Перед заказом рекомендуем сверить номер с вашей старой деталью или каталогом техники.

📌 Основные данные:
• Артикул: RE168771
• Бренд: John Deere
• Наименование: Подъемная тяга навески
• Узел: Навеска трактора / Подъемные рычаги и тяги
• Раздел: Запчасти → Навеска и тяги
• Вес: 3,733 кг
• Размеры: длина 480,06 мм; ширина 91,44 мм; высота 68,58 мм
• Фото: 6 шт.

🚜 Применяемость по данным каталога: 7R 210, 7R 230, 7R 250, 7R 270, 7R 290, 7R 310.

🚚 Работаем с юридическими лицами. Отправляем по России транспортными компаниями.
📲 Для уточнения срока поставки, совместимости и условий отгрузки напишите в сообщения Авито или позвоните.","44000","images/12/RE168771_1.jpg","[""images/12/RE168771_1.jpg"",""images/12/RE168771_2.jpg"",""images/12/RE168771_3.jpg"",""images/12/RE168771_4.jpg"",""images/12/RE168771_5.jpg"",""images/12/RE168771_6.jpg""]"
"RE168771-R168770","Запчасть John Deere RЕ168771\R168770","🔧 Запчасть John Deere RЕ168771\R168770 John Deere RE168771-R168770.

Запчасть John Deere для ремонта и обслуживания техники. Подбирается по каталожному номеру для ремонта техники John Deere.
Продаётся по каталожному номеру RE168771-R168770. Перед заказом рекомендуем сверить номер с вашей старой деталью или каталогом техники.

📌 Основные данные:
• Артикул: RE168771-R168770
• Бренд: John Deere
• Наименование: Запчасть John Deere RЕ168771\R168770
• Узел: узел техники John Deere
• Раздел: Запчасти → Прочие детали John Deere
• Фото: 1 шт.

🚜 Применяемость по данным каталога: применимость уточняется по артикулу и данным карточки.

🚚 Работаем с юридическими лицами. Отправляем по России транспортными компаниями.
📲 Для уточнения срока поставки, совместимости и условий отгрузки напишите в сообщения Авито или позвоните.","44000","images/13/RE168771_1.jpg","[""images/13/RE168771_1.jpg"",""images/13/RE168771_2.jpg"",""images/13/RE168771_3.jpg"",""images/13/RE168771_4.jpg"",""images/13/RE168771_5.jpg"",""images/13/RE168771_6.jpg""]"
"RE173579","Поршень трансмиссии John Deere RE173579","🔧 Поршень трансмиссии John Deere RE173579.

Запчасть John Deere для ремонта и обслуживания техники. Подбирается по каталожному номеру для ремонта техники John Deere.
Продаётся по каталожному номеру RE173579. Перед заказом рекомендуем сверить номер с вашей старой деталью или каталогом техники.

📌 Основные данные:
• Артикул: RE173579
• Бренд: John Deere
• Наименование: Поршень трансмиссии
• Узел: Трансмиссия / Прочие детали трансмиссии
• Раздел: Запчасти → Трансмиссия и мосты
• Вес: 0,476 кг
• Размеры: длина 19,304 мм; высота 254 мм
• Фото: 2 шт.

🚜 Применяемость по данным каталога: 8R 230, 8R 250, 8R 280, 8R 310, 8R 340, 8R 370.

🚚 Работаем с юридическими лицами. Отправляем по России транспортными компаниями.
📲 Для уточнения срока поставки, совместимости и условий отгрузки напишите в сообщения Авито или позвоните.","17600","images/07/RE173579_1.jpg","[""images/07/RE173579_1.jpg"",""images/07/RE173579_2.jpg""]"
"RE182110","Верхний наконечник подъемной John Deere RE182110","🔧 Верхний наконечник подъемной тяги John Deere RE182110.

Запчасть John Deere для ремонта и обслуживания техники. Используется при замене изношенной детали в соответствующем узле техники.
Продаётся по каталожному номеру RE182110. Перед заказом рекомендуем сверить номер с вашей старой деталью или каталогом техники.

📌 Основные данные:
• Артикул: RE182110
• Бренд: John Deere
• Наименование: Верхний наконечник подъемной тяги
• Узел: Навеска трактора / Подъемные рычаги и тяги
• Раздел: Запчасти → Навеска и тяги
• Вес: 3,438 кг
• Размеры: длина 406,4 мм; ширина 93,98 мм; высота 38,1 мм
• Фото: 2 шт.

🚜 Применяемость по данным каталога: 2204, 7630, 7715, 7720, 7730, 7815.

🚚 Работаем с юридическими лицами. Отправляем по России транспортными компаниями.
📲 Для уточнения срока поставки, совместимости и условий отгрузки напишите в сообщения Авито или позвоните.","25000","images/12/RE182110_1.jpg","[""images/12/RE182110_1.jpg"",""images/12/RE182110_2.jpg""]"
"RE183407","Электромагнитный клапан John Deere RE183407","🔧 Электромагнитный клапан John Deere RE183407.

Запчасть John Deere для ремонта и обслуживания техники. Используется при замене изношенной детали в соответствующем узле техники.
Продаётся по каталожному номеру RE183407. Перед заказом рекомендуем сверить номер с вашей старой деталью или каталогом техники.

📌 Основные данные:
• Артикул: RE183407
• Бренд: John Deere
• Наименование: Электромагнитный клапан
• Узел: Гидравлическая система / Клапаны
• Раздел: Запчасти → Гидравлика
• Вес: 0,281 кг
• Размеры: длина 91,44 мм; ширина 83,82 мм; высота 63,5 мм
• Фото: 5 шт.

🚜 Применяемость по данным каталога: 6M 95, 6M 105, 6M 110, 6M 115, 6M 125, 6M 130.

🚚 Работаем с юридическими лицами. Отправляем по России транспортными компаниями.
📲 Для уточнения срока поставки, совместимости и условий отгрузки напишите в сообщения Авито или позвоните.","38000","images/26/RE183407_1.jpg","[""images/26/RE183407_1.jpg"",""images/26/RE183407_2.jpg"",""images/26/RE183407_3.jpg"",""images/26/RE183407_4.jpg"",""images/26/RE183407_5.jpg""]"
"RE187480","Вилка карданного шарнира John Deere RE187480","🔧 Вилка карданного шарнира в сборе John Deere RE187480.

Запчасть John Deere для ремонта и обслуживания техники. Используется в приводе или трансмиссионном узле, где важно совпадение посадочных размеров и каталожного номера.
Продаётся по каталожному номеру RE187480. Перед заказом рекомендуем сверить номер с вашей старой деталью или каталогом техники.

📌 Основные данные:
• Артикул: RE187480
• Бренд: John Deere
• Наименование: Вилка карданного шарнира в сборе
• Узел: Трансмиссия / Карданные валы
• Раздел: Запчасти → Трансмиссия и мосты
• Вес: 13,154 кг
• Размеры: длина 1816,1 мм; ширина 111,76 мм; высота 109,22 мм
• Фото: 7 шт.

🚜 Применяемость по данным каталога: 2204, 7630, 7720, 7730, 7815, 7820.

🚚 Работаем с юридическими лицами. Отправляем по России транспортными компаниями.
📲 Для уточнения срока поставки, совместимости и условий отгрузки напишите в сообщения Авито или позвоните.","116200","images/21/RE187480_1.jpg","[""images/21/RE187480_1.jpg"",""images/21/RE187480_2.jpg"",""images/21/RE187480_3.jpg"",""images/21/RE187480_4.jpg"",""images/21/RE187480_5.jpg"",""images/21/RE187480_6.jpg"",""images/21/RE187480_7.jpg""]"
"RE190861","Двухрядный конический John Deere RE190861","🔧 Двухрядный конический роликовый подшипник John Deere RE190861.

Запчасть John Deere для ремонта и обслуживания техники. Подходит для замены изношенной опоры вращения или посадочного элемента.
Продаётся по каталожному номеру RE190861. Перед заказом рекомендуем сверить номер с вашей старой деталью или каталогом техники.

📌 Основные данные:
• Артикул: RE190861
• Бренд: John Deere
• Наименование: Двухрядный конический роликовый подшипник
• Узел: Подшипники и втулки / Роликовые подшипники
• Раздел: Запчасти → Подшипники и втулки
• Вес: 0,786 кг
• Размеры: длина 45,72 мм; высота 81,28 мм
• Фото: 5 шт.

🚜 Применяемость по данным каталога: 7M 200, 7M 215, 7M 230, 2204, 7185J, 7195J.

🚚 Работаем с юридическими лицами. Отправляем по России транспортными компаниями.
📲 Для уточнения срока поставки, совместимости и условий отгрузки напишите в сообщения Авито или позвоните.","16200","images/23/RE190861_1.jpg","[""images/23/RE190861_1.jpg"",""images/23/RE190861_2.jpg"",""images/23/RE190861_3.jpg"",""images/23/RE190861_4.jpg"",""images/23/RE190861_5.jpg""]"
"RE190964","Вилка карданного шарнира John Deere RE190964","🔧 Вилка карданного шарнира John Deere RE190964.

Запчасть John Deere для ремонта и обслуживания техники. Используется в приводе или трансмиссионном узле, где важно совпадение посадочных размеров и каталожного номера.
Продаётся по каталожному номеру RE190964. Перед заказом рекомендуем сверить номер с вашей старой деталью или каталогом техники.

📌 Основные данные:
• Артикул: RE190964
• Бренд: John Deere
• Наименование: Вилка карданного шарнира
• Узел: Трансмиссия / Карданные валы
• Раздел: Запчасти → Трансмиссия и мосты
• Вес: 1,615 кг
• Размеры: длина 147,32 мм; ширина 106,68 мм; высота 71,12 мм
• Фото: 1 шт.

🚜 Применяемость по данным каталога: 7M 200, 7M 215, 7M 230, 2204, 7200J, 7215J.

🚚 Работаем с юридическими лицами. Отправляем по России транспортными компаниями.
📲 Для уточнения срока поставки, совместимости и условий отгрузки напишите в сообщения Авито или позвоните.","27000","images/21/RE190964_1.jpg","[""images/21/RE190964_1.jpg""]"
"RE190966","Крестовина карданного шарнира John Deere RE190966","🔧 Крестовина карданного шарнира John Deere RE190966.

Запчасть John Deere для ремонта и обслуживания техники. Используется в приводе или трансмиссионном узле, где важно совпадение посадочных размеров и каталожного номера.
Продаётся по каталожному номеру RE190966. Перед заказом рекомендуем сверить номер с вашей старой деталью или каталогом техники.

📌 Основные данные:
• Артикул: RE190966
• Бренд: John Deere
• Наименование: Крестовина карданного шарнира
• Узел: Подшипники и втулки / Крестовины и подшипниковые узлы
• Раздел: Запчасти → Подшипники и втулки
• Вес: 1,152 кг
• Размеры: длина 43,18 мм; высота 111,76 мм
• Размеры: объём 1,064 л
• Фото: 1 шт.

🚜 Применяемость по данным каталога: 7M 200, 7M 215, 7M 230, 2204, 7185J, 7195J.

🚚 Работаем с юридическими лицами. Отправляем по России транспортными компаниями.
📲 Для уточнения срока поставки, совместимости и условий отгрузки напишите в сообщения Авито или позвоните.","19000","images/23/RE190966_1.jpg","[""images/23/RE190966_1.jpg""]"
"RE193099","Сальник John Deere RE193099","🔧 Сальник John Deere RE193099.

Запчасть John Deere для ремонта и обслуживания техники. Подходит для ремонта узла при износе уплотнений, появлении подтеканий или плановом обслуживании.
Продаётся по каталожному номеру RE193099. Перед заказом рекомендуем сверить номер с вашей старой деталью или каталогом техники.

📌 Основные данные:
• Артикул: RE193099
• Бренд: John Deere
• Наименование: Сальник
• Узел: Уплотнения, прокладки и кольца / Сальники и комплекты уплотнений
• Раздел: Запчасти → Уплотнения и прокладки
• Вес: 0,091 кг
• Размеры: длина 22,86 мм; высота 101,6 мм
• Фото: 6 шт.

🚜 Применяемость по данным каталога: 7M 200, 7M 215, 7M 230, 7R 210, 7R 230, 7R 250.

🚚 Работаем с юридическими лицами. Отправляем по России транспортными компаниями.
📲 Для уточнения срока поставки, совместимости и условий отгрузки напишите в сообщения Авито или позвоните.","4900","images/02/RE193099_1.jpg","[""images/02/RE193099_1.jpg"",""images/02/RE193099_2.jpg"",""images/02/RE193099_3.jpg"",""images/02/RE193099_4.jpg"",""images/02/RE193099_5.jpg"",""images/02/RE193099_6.jpg""]"
"RE208960","Крестовина с подшипниками John Deere RE208960","🔧 Крестовина с подшипниками в сборе John Deere RE208960.

Запчасть John Deere для ремонта и обслуживания техники. Подходит для замены изношенной опоры вращения или посадочного элемента.
Продаётся по каталожному номеру RE208960. Перед заказом рекомендуем сверить номер с вашей старой деталью или каталогом техники.

📌 Основные данные:
• Артикул: RE208960
• Бренд: John Deere
• Наименование: Крестовина с подшипниками в сборе
• Узел: Подшипники и втулки / Крестовины и подшипниковые узлы
• Раздел: Запчасти → Подшипники и втулки
• Вес: 1,043 кг
• Размеры: длина 101,6 мм; ширина 101,6 мм; высота 35,56 мм
• Фото: 1 шт.

🚜 Применяемость по данным каталога: 7M 200, 7M 215, 7M 230, 2204, 7185J, 7195J.

🚚 Работаем с юридическими лицами. Отправляем по России транспортными компаниями.
📲 Для уточнения срока поставки, совместимости и условий отгрузки напишите в сообщения Авито или позвоните.","32000","images/23/RE208960_1.jpg","[""images/23/RE208960_1.jpg""]"
"RE211157","Электромагнитный клапан John Deere RE211157","🔧 Электромагнитный клапан John Deere RE211157.

Запчасть John Deere для ремонта и обслуживания техники. Используется при замене изношенной детали в соответствующем узле техники.
Продаётся по каталожному номеру RE211157. Перед заказом рекомендуем сверить номер с вашей старой деталью или каталогом техники.

📌 Основные данные:
• Артикул: RE211157
• Бренд: John Deere
• Наименование: Электромагнитный клапан
• Узел: Гидравлическая система / Клапаны
• Раздел: Запчасти → Гидравлика
• Вес: 0,272 кг
• Размеры: длина 106,68 мм; высота 38,1 мм
• Фото: 5 шт.

🚜 Применяемость по данным каталога: 6J-1704, 6J-1904, 6M 95, 6M 105, 6M 110, 6M 115.

🚚 Работаем с юридическими лицами. Отправляем по России транспортными компаниями.
📲 Для уточнения срока поставки, совместимости и условий отгрузки напишите в сообщения Авито или позвоните.","34000","images/26/RE211157_1.jpg","[""images/26/RE211157_1.jpg"",""images/26/RE211157_2.jpg"",""images/26/RE211157_3.jpg"",""images/26/RE211157_4.jpg"",""images/26/RE211157_5.jpg""]"
"RE225759","Поршень трансмиссии John Deere RE225759","🔧 Поршень трансмиссии John Deere RE225759.

Запчасть John Deere для ремонта и обслуживания техники. Подбирается по каталожному номеру для ремонта техники John Deere.
Продаётся по каталожному номеру RE225759. Перед заказом рекомендуем сверить номер с вашей старой деталью или каталогом техники.

📌 Основные данные:
• Артикул: RE225759
• Бренд: John Deere
• Наименование: Поршень трансмиссии
• Узел: Трансмиссия / Прочие детали трансмиссии
• Раздел: Запчасти → Трансмиссия и мосты
• Вес: 0,826 кг
• Размеры: длина 27,94 мм; высота 223,52 мм
• Размеры: объём 2,442 л
• Фото: 5 шт.

🚜 Применяемость по данным каталога: 8R 230, 8R 250, 8R 280, 8R 310, 8R 340, 8R 2304.

🚚 Работаем с юридическими лицами. Отправляем по России транспортными компаниями.
📲 Для уточнения срока поставки, совместимости и условий отгрузки напишите в сообщения Авито или позвоните.","25500","images/07/RE225759_1.jpg","[""images/07/RE225759_1.jpg"",""images/07/RE225759_2.jpg"",""images/07/RE225759_3.jpg"",""images/07/RE225759_4.jpg"",""images/07/RE225759_5.jpg""]"
"RE227387","Крестовина карданного шарнира John Deere RE227387","🔧 Крестовина карданного шарнира John Deere RE227387.

Запчасть John Deere для ремонта и обслуживания техники. Используется в приводе или трансмиссионном узле, где важно совпадение посадочных размеров и каталожного номера.
Продаётся по каталожному номеру RE227387. Перед заказом рекомендуем сверить номер с вашей старой деталью или каталогом техники.

📌 Основные данные:
• Артикул: RE227387
• Бренд: John Deere
• Наименование: Крестовина карданного шарнира
• Узел: Подшипники и втулки / Крестовины и подшипниковые узлы
• Раздел: Запчасти → Подшипники и втулки
• Вес: 1,524 кг
• Размеры: длина 124,46 мм; ширина 109,22 мм; высота 50,8 мм
• Фото: 2 шт.

🚜 Применяемость по данным каталога: 8R 230, 8R 250, 8R 280, 8R 310, 8R 340, 8R 370.

🚚 Работаем с юридическими лицами. Отправляем по России транспортными компаниями.
📲 Для уточнения срока поставки, совместимости и условий отгрузки напишите в сообщения Авито или позвоните.","56000","images/23/RE227387_1.jpg","[""images/23/RE227387_1.jpg"",""images/23/RE227387_2.jpg""]"
"RE230373","Однорядный роликовый подшипник John Deere RE230373","🔧 Однорядный роликовый подшипник John Deere RE230373.

Запчасть John Deere для ремонта и обслуживания техники. Подходит для замены изношенной опоры вращения или посадочного элемента.
Продаётся по каталожному номеру RE230373. Перед заказом рекомендуем сверить номер с вашей старой деталью или каталогом техники.

📌 Основные данные:
• Артикул: RE230373
• Бренд: John Deere
• Наименование: Однорядный роликовый подшипник
• Узел: Подшипники и втулки / Роликовые подшипники
• Раздел: Запчасти → Подшипники и втулки
• Вес: 0,236 кг
• Размеры: длина 6,35 мм; высота 114,3 мм
• Фото: 7 шт.

🚜 Применяемость по данным каталога: 8R 230, 8R 250, 8R 280, 8R 310, 8R 340, 8R 370.

🚚 Работаем с юридическими лицами. Отправляем по России транспортными компаниями.
📲 Для уточнения срока поставки, совместимости и условий отгрузки напишите в сообщения Авито или позвоните.","12400","images/23/RE230373_1.jpg","[""images/23/RE230373_1.jpg"",""images/23/RE230373_2.jpg"",""images/23/RE230373_3.jpg"",""images/23/RE230373_4.jpg"",""images/23/RE230373_5.jpg"",""images/23/RE230373_6.jpg"",""images/23/RE230373_7.jpg""]"
"RE230445","Игольчатый роликовый John Deere RE230445","🔧 Игольчатый роликовый подшипник с закрытым торцом John Deere RE230445.

Запчасть John Deere для ремонта и обслуживания техники. Подходит для замены изношенной опоры вращения или посадочного элемента.
Продаётся по каталожному номеру RE230445. Перед заказом рекомендуем сверить номер с вашей старой деталью или каталогом техники.

📌 Основные данные:
• Артикул: RE230445
• Бренд: John Deere
• Наименование: Игольчатый роликовый подшипник с закрытым торцом
• Узел: Подшипники и втулки / Роликовые подшипники
• Раздел: Запчасти → Подшипники и втулки
• Вес: 0,082 кг
• Размеры: длина 20,32 мм; высота 68,58 мм
• Размеры: объём 0,165 л
• Фото: 5 шт.

🚜 Применяемость по данным каталога: 8R 230, 8R 250, 8R 280, 8R 310, 8R 340, 8R 370.

🚚 Работаем с юридическими лицами. Отправляем по России транспортными компаниями.
📲 Для уточнения срока поставки, совместимости и условий отгрузки напишите в сообщения Авито или позвоните.","3700","images/23/RE230445_1.jpg","[""images/23/RE230445_1.jpg"",""images/23/RE230445_2.jpg"",""images/23/RE230445_3.jpg"",""images/23/RE230445_4.jpg"",""images/23/RE230445_5.jpg""]"
"RE237001","Комплект уплотнительных John Deere RE237001","🔧 Комплект уплотнительных колец соединения John Deere RE237001.

Запчасть John Deere для ремонта и обслуживания техники. Подходит для ремонта узла при износе уплотнений, появлении подтеканий или плановом обслуживании.
Продаётся по каталожному номеру RE237001. Перед заказом рекомендуем сверить номер с вашей старой деталью или каталогом техники.

📌 Основные данные:
• Артикул: RE237001
• Бренд: John Deere
• Наименование: Комплект уплотнительных колец соединения
• Узел: Уплотнения, прокладки и кольца / Уплотнительные кольца и комплекты
• Раздел: Запчасти → Уплотнения и прокладки
• Вес: 0,009 кг
• Размеры: длина 220,98 мм; ширина 127 мм; высота 5,08 мм
• Фото: 3 шт.

🚜 Применяемость по данным каталога: 8120, 8120T, 8130, 8220, 8220T, 8230.

🚚 Работаем с юридическими лицами. Отправляем по России транспортными компаниями.
📲 Для уточнения срока поставки, совместимости и условий отгрузки напишите в сообщения Авито или позвоните.","85221","images/02/RE237001_1.jpg","[""images/02/RE237001_1.jpg"",""images/02/RE237001_2.jpg"",""images/02/RE237001_3.jpg""]"
"RE238667","Уплотнение консистентной John Deere RE238667","🔧 Уплотнение консистентной смазки John Deere RE238667.

Запчасть John Deere для ремонта и обслуживания техники. Подходит для ремонта узла при износе уплотнений, появлении подтеканий или плановом обслуживании.
Продаётся по каталожному номеру RE238667. Перед заказом рекомендуем сверить номер с вашей старой деталью или каталогом техники.

📌 Основные данные:
• Артикул: RE238667
• Бренд: John Deere
• Наименование: Уплотнение консистентной смазки
• Узел: Уплотнения, прокладки и кольца / Сальники и комплекты уплотнений
• Раздел: Запчасти → Уплотнения и прокладки
• Вес: 0,045 кг
• Размеры: длина 15,24 мм; высота 88,9 мм
• Фото: 7 шт.

🚜 Применяемость по данным каталога: 7M 200, 7M 215, 7M 230, 7R 210, 7R 230, 7R 250.

🚚 Работаем с юридическими лицами. Отправляем по России транспортными компаниями.
📲 Для уточнения срока поставки, совместимости и условий отгрузки напишите в сообщения Авито или позвоните.","7171","images/02/RE238667_1.jpg","[""images/02/RE238667_1.jpg"",""images/02/RE238667_2.jpg"",""images/02/RE238667_3.jpg"",""images/02/RE238667_4.jpg"",""images/02/RE238667_5.jpg"",""images/02/RE238667_6.jpg"",""images/02/RE238667_7.jpg""]"
"RE238864","Муфта сцепления с John Deere RE238864","🔧 Муфта сцепления с фрикционным диском John Deere RE238864.

Запчасть John Deere для ремонта и обслуживания техники. Используется в приводе или трансмиссионном узле, где важно совпадение посадочных размеров и каталожного номера.
Продаётся по каталожному номеру RE238864. Перед заказом рекомендуем сверить номер с вашей старой деталью или каталогом техники.

📌 Основные данные:
• Артикул: RE238864
• Бренд: John Deere
• Наименование: Муфта сцепления с фрикционным диском
• Узел: Детали высевающих аппаратов / Прикатывающие колеса и сошники
• Раздел: Запчасти → Трансмиссия и мосты
• Вес: 0,422 кг
• Размеры: длина 2,54 мм; высота 322,58 мм
• Фото: 4 шт.

🚜 Применяемость по данным каталога: 8R 230, 8R 250, 8R 280, 8R 310, 8R 340, 8R 2304.

🚚 Работаем с юридическими лицами. Отправляем по России транспортными компаниями.
📲 Для уточнения срока поставки, совместимости и условий отгрузки напишите в сообщения Авито или позвоните.","9900","images/17/RE238864_1.jpg","[""images/17/RE238864_1.jpg"",""images/17/RE238864_2.jpg"",""images/17/RE238864_3.jpg"",""images/17/RE238864_4.jpg""]"
"RE250838","Карданный шарнир с валом John Deere RE250838","🔧 Карданный шарнир с валом John Deere RE250838.

Запчасть John Deere для ремонта и обслуживания техники. Используется в приводе или трансмиссионном узле, где важно совпадение посадочных размеров и каталожного номера.
Продаётся по каталожному номеру RE250838. Перед заказом рекомендуем сверить номер с вашей старой деталью или каталогом техники.

📌 Основные данные:
• Артикул: RE250838
• Бренд: John Deere
• Наименование: Карданный шарнир с валом
• Узел: Трансмиссия / Карданные валы
• Раздел: Запчасти → Трансмиссия и мосты
• Вес: 17,491 кг
• Размеры: длина 1013,46 мм; высота 146,05 мм
• Фото: 5 шт.

🚜 Применяемость по данным каталога: 7M 200, 7M 215, 7M 230, 7R 210, 7R 230, 7R 250.

🚚 Работаем с юридическими лицами. Отправляем по России транспортными компаниями.
📲 Для уточнения срока поставки, совместимости и условий отгрузки напишите в сообщения Авито или позвоните.","127200","images/21/RE250838_1.jpg","[""images/21/RE250838_1.jpg"",""images/21/RE250838_2.jpg"",""images/21/RE250838_3.jpg"",""images/21/RE250838_4.jpg"",""images/21/RE250838_5.jpg""]"
"RE253208","Карданный вал между John Deere RE253208","🔧 Карданный вал между двигателем и трансмиссией John Deere RE253208.

Запчасть John Deere для ремонта и обслуживания техники. Используется в приводе или трансмиссионном узле, где важно совпадение посадочных размеров и каталожного номера.
Продаётся по каталожному номеру RE253208. Перед заказом рекомендуем сверить номер с вашей старой деталью или каталогом техники.

📌 Основные данные:
• Артикул: RE253208
• Бренд: John Deere
• Наименование: Карданный вал между двигателем и трансмиссией
• Узел: Трансмиссия / Карданные валы
• Раздел: Запчасти → Трансмиссия и мосты
• Вес: 7,389 кг
• Размеры: длина 457,2 мм; высота 121,92 мм
• Фото: 4 шт.

🚜 Применяемость по данным каталога: 7M 200, 7M 215, 7M 230, 2204, 7185J, 7195J.

🚚 Работаем с юридическими лицами. Отправляем по России транспортными компаниями.
📲 Для уточнения срока поставки, совместимости и условий отгрузки напишите в сообщения Авито или позвоните.","102000","images/21/RE253208_1.jpg","[""images/21/RE253208_1.jpg"",""images/21/RE253208_2.jpg"",""images/21/RE253208_3.jpg"",""images/21/RE253208_4.jpg""]"
"RE255019","Корпус муфты сцепления John Deere RE255019","🔧 Корпус муфты сцепления John Deere RE255019.

Запчасть John Deere для ремонта и обслуживания техники. Используется в приводе или трансмиссионном узле, где важно совпадение посадочных размеров и каталожного номера.
Продаётся по каталожному номеру RE255019. Перед заказом рекомендуем сверить номер с вашей старой деталью или каталогом техники.

📌 Основные данные:
• Артикул: RE255019
• Бренд: John Deere
• Наименование: Корпус муфты сцепления
• Узел: Рамы, корпуса и противовесы / Корпуса
• Раздел: Запчасти → Трансмиссия и мосты
• Вес: 29,03 кг
• Размеры: длина 375,92 мм; ширина 281,94 мм; высота 228,6 мм
• Фото: 7 шт.

🚜 Применяемость по данным каталога: 2204, 7630, 7730, 7830, 7930.

🚚 Работаем с юридическими лицами. Отправляем по России транспортными компаниями.
📲 Для уточнения срока поставки, совместимости и условий отгрузки напишите в сообщения Авито или позвоните.","235000","images/25/RE255019_1.jpg","[""images/25/RE255019_1.jpg"",""images/25/RE255019_2.jpg"",""images/25/RE255019_3.jpg"",""images/25/RE255019_4.jpg"",""images/25/RE255019_5.jpg"",""images/25/RE255019_6.jpg"",""images/25/RE255019_7.jpg""]"
"RE261354","Контактный John Deere RE261354","🔧 Контактный потенциометрический датчик John Deere RE261354.

Запчасть John Deere для ремонта и обслуживания техники. Используется при замене изношенной детали в соответствующем узле техники.
Продаётся по каталожному номеру RE261354. Перед заказом рекомендуем сверить номер с вашей старой деталью или каталогом техники.

📌 Основные данные:
• Артикул: RE261354
• Бренд: John Deere
• Наименование: Контактный потенциометрический датчик
• Узел: Датчики / Датчики положения
• Раздел: Запчасти → Электрика
• Вес: 0,041 кг
• Размеры: длина 49,784 мм; ширина 40,64 мм; высота 34,544 мм
• Фото: 3 шт.

🚜 Применяемость по данным каталога: 40I, 50I, 210LE, 250D, 250D-II, 300D.

🚚 Работаем с юридическими лицами. Отправляем по России транспортными компаниями.
📲 Для уточнения срока поставки, совместимости и условий отгрузки напишите в сообщения Авито или позвоните.","24500","images/26/RE261354_1.jpg","[""images/26/RE261354_1.jpg"",""images/26/RE261354_2.jpg"",""images/26/RE261354_3.jpg""]"
"RE273492","Диск планетарного тормоза John Deere RE273492","🔧 Диск планетарного тормоза трансмиссии John Deere RE273492.

Запчасть John Deere для ремонта и обслуживания техники. Используется в приводе или трансмиссионном узле, где важно совпадение посадочных размеров и каталожного номера.
Продаётся по каталожному номеру RE273492. Перед заказом рекомендуем сверить номер с вашей старой деталью или каталогом техники.

📌 Основные данные:
• Артикул: RE273492
• Бренд: John Deere
• Наименование: Диск планетарного тормоза трансмиссии
• Узел: Трансмиссия / Муфты сцепления и компоненты
• Раздел: Запчасти → Трансмиссия и мосты
• Вес: 0,744 кг
• Размеры: длина 3,048 мм; высота 284,48 мм
• Размеры: объём 1,174 л
• Фото: 4 шт.

🚜 Применяемость по данным каталога: 6J-1704, 6J-1904, 6M 105, 6M 110, 6M 115, 6M 120.

🚚 Работаем с юридическими лицами. Отправляем по России транспортными компаниями.
📲 Для уточнения срока поставки, совместимости и условий отгрузки напишите в сообщения Авито или позвоните.","11400","images/14/RE273492_1.jpg","[""images/14/RE273492_1.jpg"",""images/14/RE273492_2.jpg"",""images/14/RE273492_3.jpg"",""images/14/RE273492_4.jpg""]"
"RE294013","Диск дифференциала MFWD John Deere RE294013","🔧 Диск дифференциала MFWD John Deere RE294013.

Запчасть John Deere для ремонта и обслуживания техники. Используется в приводе или трансмиссионном узле, где важно совпадение посадочных размеров и каталожного номера.
Продаётся по каталожному номеру RE294013. Перед заказом рекомендуем сверить номер с вашей старой деталью или каталогом техники.

📌 Основные данные:
• Артикул: RE294013
• Бренд: John Deere
• Наименование: Диск дифференциала MFWD
• Узел: Рабочие органы / Отвалы и ножи
• Раздел: Запчасти → Трансмиссия и мосты
• Вес: 0,177 кг
• Размеры: длина 7,366 мм; высота 93,98 мм
• Фото: 3 шт.

🚜 Применяемость по данным каталога: 7R 210, 7R 230, 7R 250, 7R 270, 7R 290, 7R 310.

🚚 Работаем с юридическими лицами. Отправляем по России транспортными компаниями.
📲 Для уточнения срока поставки, совместимости и условий отгрузки напишите в сообщения Авито или позвоните.","6300","images/24/RE294013_1.jpg","[""images/24/RE294013_1.jpg"",""images/24/RE294013_2.jpg"",""images/24/RE294013_3.jpg""]"
"RE294014","Диск дифференциала MFWD John Deere RE294014","🔧 Диск дифференциала MFWD John Deere RE294014.

Запчасть John Deere для ремонта и обслуживания техники. Используется в приводе или трансмиссионном узле, где важно совпадение посадочных размеров и каталожного номера.
Продаётся по каталожному номеру RE294014. Перед заказом рекомендуем сверить номер с вашей старой деталью или каталогом техники.

📌 Основные данные:
• Артикул: RE294014
• Бренд: John Deere
• Наименование: Диск дифференциала MFWD
• Узел: Трансмиссия / Муфты сцепления и компоненты
• Раздел: Запчасти → Трансмиссия и мосты
• Вес: 0,073 кг
• Размеры: длина 3,81 мм; высота 80,01 мм
• Фото: 4 шт.

🚜 Применяемость по данным каталога: 7M 200, 7M 215, 7M 230, 7R 210, 7R 230, 7R 250.

🚚 Работаем с юридическими лицами. Отправляем по России транспортными компаниями.
📲 Для уточнения срока поставки, совместимости и условий отгрузки напишите в сообщения Авито или позвоните.","4290","images/25/RE294014_1.jpg","[""images/25/RE294014_1.jpg"",""images/25/RE294014_2.jpg"",""images/25/RE294014_3.jpg"",""images/25/RE294014_4.jpg""]"
"RE294016","Диск муфты трансмиссии John Deere RE294016","🔧 Диск муфты трансмиссии John Deere RE294016.

Запчасть John Deere для ремонта и обслуживания техники. Используется в приводе или трансмиссионном узле, где важно совпадение посадочных размеров и каталожного номера.
Продаётся по каталожному номеру RE294016. Перед заказом рекомендуем сверить номер с вашей старой деталью или каталогом техники.

📌 Основные данные:
• Артикул: RE294016
• Бренд: John Deere
• Наименование: Диск муфты трансмиссии
• Узел: Трансмиссия / Муфты сцепления и компоненты
• Раздел: Запчасти → Трансмиссия и мосты
• Вес: 0,331 кг
• Размеры: длина 2,54 мм; высота 231,14 мм
• Размеры: объём 0,825 л
• Фото: 4 шт.

🚜 Применяемость по данным каталога: 8R 230, 8R 250, 8R 280, 8R 310, 8R 340, 8R 2304.

🚚 Работаем с юридическими лицами. Отправляем по России транспортными компаниями.
📲 Для уточнения срока поставки, совместимости и условий отгрузки напишите в сообщения Авито или позвоните.","10200","images/25/RE294016_1.jpg","[""images/25/RE294016_1.jpg"",""images/25/RE294016_2.jpg"",""images/25/RE294016_3.jpg"",""images/25/RE294016_4.jpg""]"
"RE294020","Диск стояночного тормоза John Deere RE294020","🔧 Диск стояночного тормоза трансмиссии John Deere RE294020.

Запчасть John Deere для ремонта и обслуживания техники. Используется в приводе или трансмиссионном узле, где важно совпадение посадочных размеров и каталожного номера.
Продаётся по каталожному номеру RE294020. Перед заказом рекомендуем сверить номер с вашей старой деталью или каталогом техники.

📌 Основные данные:
• Артикул: RE294020
• Бренд: John Deere
• Наименование: Диск стояночного тормоза трансмиссии
• Узел: Трансмиссия / Муфты сцепления и компоненты
• Раздел: Запчасти → Трансмиссия и мосты
• Вес: 0,136 кг
• Размеры: длина 2,54 мм; высота 241,3 мм
• Фото: 4 шт.

🚜 Применяемость по данным каталога: 8R 230, 8R 250, 8R 280, 8R 310, 8R 340, 8R 410.

🚚 Работаем с юридическими лицами. Отправляем по России транспортными компаниями.
📲 Для уточнения срока поставки, совместимости и условий отгрузки напишите в сообщения Авито или позвоните.","7900","images/14/RE294020_1.jpg","[""images/14/RE294020_1.jpg"",""images/14/RE294020_2.jpg"",""images/14/RE294020_3.jpg"",""images/14/RE294020_4.jpg""]"
"RE300810","Внутренний сальник John Deere RE300810","🔧 Внутренний сальник John Deere RE300810.

Запчасть John Deere для ремонта и обслуживания техники. Подходит для ремонта узла при износе уплотнений, появлении подтеканий или плановом обслуживании.
Продаётся по каталожному номеру RE300810. Перед заказом рекомендуем сверить номер с вашей старой деталью или каталогом техники.

📌 Основные данные:
• Артикул: RE300810
• Бренд: John Deere
• Наименование: Внутренний сальник
• Узел: Уплотнения, прокладки и кольца / Сальники и комплекты уплотнений
• Раздел: Запчасти → Уплотнения и прокладки
• Вес: 0,064 кг
• Размеры: длина 12,7 мм; высота 86,36 мм
• Размеры: объём 0,295 л
• Фото: 8 шт.

🚜 Применяемость по данным каталога: 8R 230, 8R 250, 8R 280, 8R 310, 8R 340, 8R 370.

🚚 Работаем с юридическими лицами. Отправляем по России транспортными компаниями.
📲 Для уточнения срока поставки, совместимости и условий отгрузки напишите в сообщения Авито или позвоните.","3520","images/02/RE300810_1.jpg","[""images/02/RE300810_1.jpg"",""images/02/RE300810_2.jpg"",""images/02/RE300810_3.jpg"",""images/02/RE300810_4.jpg"",""images/02/RE300810_5.jpg"",""images/02/RE300810_6.jpg"",""images/02/RE300810_7.jpg"",""images/02/RE300810_8.jpg""]"
"RE321692","Диск муфты трансмиссии John Deere RE321692","🔧 Диск муфты трансмиссии John Deere RE321692.

Запчасть John Deere для ремонта и обслуживания техники. Используется в приводе или трансмиссионном узле, где важно совпадение посадочных размеров и каталожного номера.
Продаётся по каталожному номеру RE321692. Перед заказом рекомендуем сверить номер с вашей старой деталью или каталогом техники.

📌 Основные данные:
• Артикул: RE321692
• Бренд: John Deere
• Наименование: Диск муфты трансмиссии
• Узел: Трансмиссия / Муфты сцепления и компоненты
• Раздел: Запчасти → Трансмиссия и мосты
• Вес: 0,345 кг
• Размеры: длина 2,54 мм; высота 226,06 мм
• Фото: 4 шт.

🚜 Применяемость по данным каталога: 6J-1704, 6J-1904, 6M 95, 6M 105, 6M 110, 6M 115.

🚚 Работаем с юридическими лицами. Отправляем по России транспортными компаниями.
📲 Для уточнения срока поставки, совместимости и условий отгрузки напишите в сообщения Авито или позвоните.","9200","images/25/RE321692_1.jpg","[""images/25/RE321692_1.jpg"",""images/25/RE321692_2.jpg"",""images/25/RE321692_3.jpg"",""images/25/RE321692_4.jpg""]"
"RE32442","Внутренний сальник John Deere RE32442","🔧 Внутренний сальник John Deere RE32442.

Запчасть John Deere для ремонта и обслуживания техники. Подходит для ремонта узла при износе уплотнений, появлении подтеканий или плановом обслуживании.
Продаётся по каталожному номеру RE32442. Перед заказом рекомендуем сверить номер с вашей старой деталью или каталогом техники.

📌 Основные данные:
• Артикул: RE32442
• Бренд: John Deere
• Наименование: Внутренний сальник
• Узел: Уплотнения, прокладки и кольца / Сальники и комплекты уплотнений
• Раздел: Запчасти → Уплотнения и прокладки
• Вес: 0,059 кг
• Размеры: длина 10,668 мм; высота 85,09 мм
• Размеры: объём 0,165 л
• Фото: 5 шт.

🚜 Применяемость по данным каталога: 7M 200, 7M 215, 7M 230, 7R 210, 7R 230, 7R 250.

🚚 Работаем с юридическими лицами. Отправляем по России транспортными компаниями.
📲 Для уточнения срока поставки, совместимости и условий отгрузки напишите в сообщения Авито или позвоните.","4100","images/02/RE32442_1.jpg","[""images/02/RE32442_1.jpg"",""images/02/RE32442_2.jpg"",""images/02/RE32442_3.jpg"",""images/02/RE32442_4.jpg"",""images/02/RE32442_5.jpg""]"
"RE334232","Датчик углового положения John Deere RE334232","🔧 Датчик углового положения John Deere RE334232.

Запчасть John Deere для ремонта и обслуживания техники. Подходит для ремонта и обслуживания техники John Deere.
Продаётся по каталожному номеру RE334232. Перед заказом рекомендуем сверить номер с вашей старой деталью или каталогом техники.

📌 Основные данные:
• Артикул: RE334232
• Бренд: John Deere
• Наименование: Датчик углового положения
• Узел: Датчики / Датчики положения
• Раздел: Запчасти → Электрика
• Вес: 0,045 кг
• Размеры: длина 50,8 мм; ширина 38,1 мм; высота 30,48 мм
• Фото: 7 шт.

🚜 Применяемость по данным каталога: 7R 210, 7R 230, 7R 250, 7R 270, 7R 290, 7R 310.

🚚 Работаем с юридическими лицами. Отправляем по России транспортными компаниями.
📲 Для уточнения срока поставки, совместимости и условий отгрузки напишите в сообщения Авито или позвоните.","18500","images/26/RE334232_1.jpg","[""images/26/RE334232_1.jpg"",""images/26/RE334232_2.jpg"",""images/26/RE334232_3.jpg"",""images/26/RE334232_4.jpg"",""images/26/RE334232_5.jpg"",""images/26/RE334232_6.jpg"",""images/26/RE334232_7.jpg""]"
"RE336171","Редуктор конической передачи John Deere RE336171","🔧 Редуктор конической передачи с валом-шестерней John Deere RE336171.

Запчасть John Deere для ремонта и обслуживания техники. Используется в приводе или трансмиссионном узле, где важно совпадение посадочных размеров и каталожного номера.
Продаётся по каталожному номеру RE336171. Перед заказом рекомендуем сверить номер с вашей старой деталью или каталогом техники.

📌 Основные данные:
• Артикул: RE336171
• Бренд: John Deere
• Наименование: Редуктор конической передачи с валом-шестерней
• Узел: Трансмиссия / Шестерни и корпуса редукторов
• Раздел: Запчасти → Трансмиссия и мосты
• Вес: 14,132 кг
• Размеры: длина 487,68 мм; ширина 369,57 мм; высота 118,11 мм
• Фото: 3 шт.

🚜 Применяемость по данным каталога: 8R 230, 8R 250, 8R 280, 8R 310, 8R 340, 8R 2304.

🚚 Работаем с юридическими лицами. Отправляем по России транспортными компаниями.
📲 Для уточнения срока поставки, совместимости и условий отгрузки напишите в сообщения Авито или позвоните.","325000","images/24/RE336171_1.jpg","[""images/24/RE336171_1.jpg"",""images/24/RE336171_2.jpg"",""images/24/RE336171_3.jpg""]"
"RE339861","Верхний патрубок радиатора John Deere RE339861","🔧 Верхний патрубок радиатора John Deere RE339861.

Запчасть John Deere для ремонта и обслуживания техники. Подбирается по каталожному номеру для ремонта техники John Deere.
Продаётся по каталожному номеру RE339861. Перед заказом рекомендуем сверить номер с вашей старой деталью или каталогом техники.

📌 Основные данные:
• Артикул: RE339861
• Бренд: John Deere
• Наименование: Верхний патрубок радиатора
• Узел: Навесное оборудование двигателя / Радиаторы и охладители
• Раздел: Запчасти → Система охлаждения и впуск
• Вес: 0,798 кг
• Размеры: длина 716,28 мм; высота 71,12 мм
• Фото: 3 шт.

🚜 Применяемость по данным каталога: 2704, 2854, 2904, 3004, 3204, 8225R.

🚚 Работаем с юридическими лицами. Отправляем по России транспортными компаниями.
📲 Для уточнения срока поставки, совместимости и условий отгрузки напишите в сообщения Авито или позвоните.","8300","images/09/RE339861_1.jpg","[""images/09/RE339861_1.jpg"",""images/09/RE339861_2.jpg"",""images/09/RE339861_3.jpg""]"
"RE39354","Внутренний сальник John Deere RE39354","🔧 Внутренний сальник John Deere RE39354.

Запчасть John Deere для ремонта и обслуживания техники. Подходит для ремонта узла при износе уплотнений, появлении подтеканий или плановом обслуживании.
Продаётся по каталожному номеру RE39354. Перед заказом рекомендуем сверить номер с вашей старой деталью или каталогом техники.

📌 Основные данные:
• Артикул: RE39354
• Бренд: John Deere
• Наименование: Внутренний сальник
• Узел: Уплотнения, прокладки и кольца / Сальники и комплекты уплотнений
• Раздел: Запчасти → Уплотнения и прокладки
• Вес: 0,018 кг
• Размеры: длина 7,62 мм; высота 63,5 мм
• Фото: 5 шт.

🚜 Применяемость по данным каталога: 6J-1704, 6J-1904, 6M 95, 6M 105, 6M 110, 6M 115.

🚚 Работаем с юридическими лицами. Отправляем по России транспортными компаниями.
📲 Для уточнения срока поставки, совместимости и условий отгрузки напишите в сообщения Авито или позвоните.","3120","images/02/RE39354_1.jpg","[""images/02/RE39354_1.jpg"",""images/02/RE39354_2.jpg"",""images/02/RE39354_3.jpg"",""images/02/RE39354_4.jpg"",""images/02/RE39354_5.jpg""]"
"RE40112","Крестовина с подшипником John Deere RE40112","🔧 Крестовина с подшипниковым узлом John Deere RE40112.

Запчасть John Deere для ремонта и обслуживания техники. Подходит для замены изношенной опоры вращения или посадочного элемента.
Продаётся по каталожному номеру RE40112. Перед заказом рекомендуем сверить номер с вашей старой деталью или каталогом техники.

📌 Основные данные:
• Артикул: RE40112
• Бренд: John Deere
• Наименование: Крестовина с подшипниковым узлом
• Узел: Подшипники и втулки / Крестовины и подшипниковые узлы
• Раздел: Запчасти → Подшипники и втулки
• Вес: 4,182 кг
• Размеры: длина 50,8 мм; высота 210,82 мм
• Размеры: объём 3 л
• Фото: 6 шт.

🚜 Применяемость по данным каталога: 8560, 8570, 8760, 8770, 8870, 8960.

🚚 Работаем с юридическими лицами. Отправляем по России транспортными компаниями.
📲 Для уточнения срока поставки, совместимости и условий отгрузки напишите в сообщения Авито или позвоните.","39500","images/23/RE40112_1.jpg","[""images/23/RE40112_1.jpg"",""images/23/RE40112_2.jpg"",""images/23/RE40112_3.jpg"",""images/23/RE40112_4.jpg"",""images/23/RE40112_5.jpg"",""images/23/RE40112_6.jpg""]"
"RE500608","Шатун John Deere RE500608","🔧 Шатун John Deere RE500608.

Запчасть John Deere для ремонта и обслуживания техники. Подходит для ремонта и обслуживания техники John Deere.
Продаётся по каталожному номеру RE500608. Перед заказом рекомендуем сверить номер с вашей старой деталью или каталогом техники.

📌 Основные данные:
• Артикул: RE500608
• Бренд: John Deere
• Наименование: Шатун
• Узел: Детали двигателя / Шатуны
• Раздел: Запчасти → Двигатель
• Вес: 2,386 кг
• Размеры: длина 309,88 мм; ширина 129,54 мм; высота 40,64 мм
• Фото: 5 шт.

🚜 Применяемость по данным каталога: 5E-850, 5E-850H, 5E-854, 5E-904, 5E-950, 5E-954.

🚚 Работаем с юридическими лицами. Отправляем по России транспортными компаниями.
📲 Для уточнения срока поставки, совместимости и условий отгрузки напишите в сообщения Авито или позвоните.","53000","images/07/RE500608_1.jpg","[""images/07/RE500608_1.jpg"",""images/07/RE500608_2.jpg"",""images/07/RE500608_3.jpg"",""images/07/RE500608_4.jpg"",""images/07/RE500608_5.jpg""]"
"RE505921","Коленчатый вал конический John Deere RE505921","🔧 Коленчатый вал с конической передней частью John Deere RE505921.

Запчасть John Deere для ремонта и обслуживания техники. Используется в приводе или трансмиссионном узле, где важно совпадение посадочных размеров и каталожного номера.
Продаётся по каталожному номеру RE505921. Перед заказом рекомендуем сверить номер с вашей старой деталью или каталогом техники.

📌 Основные данные:
• Артикул: RE505921
• Бренд: John Deere
• Наименование: Коленчатый вал с конической передней частью
• Узел: Детали двигателя / Коленчатые валы
• Раздел: Запчасти → Двигатель
• Вес: 70,76 кг
• Размеры: длина 1054,1 мм; ширина 355,6 мм; высота 292,1 мм
• Фото: 3 шт.

🚜 Применяемость по данным каталога: 6B-1404, 6E-1504L, 6E-1504PL, 6J-1704, 6J-1904, 6M 140.

🚚 Работаем с юридическими лицами. Отправляем по России транспортными компаниями.
📲 Для уточнения срока поставки, совместимости и условий отгрузки напишите в сообщения Авито или позвоните.","395000","images/05/RE505921_1.jpg","[""images/05/RE505921_1.jpg"",""images/05/RE505921_2.jpg"",""images/05/RE505921_3.jpg""]"
"RE52347","Крестовина карданного шарнира John Deere RE52347","🔧 Крестовина карданного шарнира John Deere RE52347.

Запчасть John Deere для ремонта и обслуживания техники. Используется в приводе или трансмиссионном узле, где важно совпадение посадочных размеров и каталожного номера.
Продаётся по каталожному номеру RE52347. Перед заказом рекомендуем сверить номер с вашей старой деталью или каталогом техники.

📌 Основные данные:
• Артикул: RE52347
• Бренд: John Deere
• Наименование: Крестовина карданного шарнира
• Узел: Подшипники и втулки / Крестовины и подшипниковые узлы
• Раздел: Запчасти → Подшипники и втулки
• Вес: 1,638 кг
• Размеры: длина 119,38 мм; ширина 119,38 мм; высота 43,18 мм
• Фото: 6 шт.

🚜 Применяемость по данным каталога: 7M 200, 7M 215, 7M 230, 2204, 6130, 6140J.

🚚 Работаем с юридическими лицами. Отправляем по России транспортными компаниями.
📲 Для уточнения срока поставки, совместимости и условий отгрузки напишите в сообщения Авито или позвоните.","21600","images/23/RE52347_1.jpg","[""images/23/RE52347_1.jpg"",""images/23/RE52347_2.jpg"",""images/23/RE52347_3.jpg"",""images/23/RE52347_4.jpg"",""images/23/RE52347_5.jpg"",""images/23/RE52347_6.jpg""]"
"RE525513","Трубка высокого давления John Deere RE525513","🔧 Трубка высокого давления топливной системы к цилиндру 1 John Deere RE525513.

Запчасть John Deere для ремонта и обслуживания техники. Предназначена для ремонта гидравлического узла и восстановления нормальной работы системы.
Продаётся по каталожному номеру RE525513. Перед заказом рекомендуем сверить номер с вашей старой деталью или каталогом техники.

📌 Основные данные:
• Артикул: RE525513
• Бренд: John Deere
• Наименование: Трубка высокого давления топливной системы к цилиндру 1
• Узел: Детали двигателя / Детали топливной системы двигателя
• Раздел: Запчасти → Двигатель
• Вес: 0,191 кг
• Размеры: длина 203,2 мм; ширина 120,65 мм; высота 73,66 мм
• Фото: 7 шт.

🚜 Применяемость по данным каталога: 850J, 850JR, 850L, 1270D, 1910E, 3004.

🚚 Работаем с юридическими лицами. Отправляем по России транспортными компаниями.
📲 Для уточнения срока поставки, совместимости и условий отгрузки напишите в сообщения Авито или позвоните.","9900","images/03/RE525513_1.jpg","[""images/03/RE525513_1.jpg"",""images/03/RE525513_2.jpg"",""images/03/RE525513_3.jpg"",""images/03/RE525513_4.jpg"",""images/03/RE525513_5.jpg"",""images/03/RE525513_6.jpg"",""images/03/RE525513_7.jpg""]"
"RE52702","Хомут шланга John Deere RE52702","🔧 Хомут шланга John Deere RE52702.

Запчасть John Deere для ремонта и обслуживания техники. Предназначена для ремонта гидравлического узла и восстановления нормальной работы системы.
Продаётся по каталожному номеру RE52702. Перед заказом рекомендуем сверить номер с вашей старой деталью или каталогом техники.

📌 Основные данные:
• Артикул: RE52702
• Бренд: John Deere
• Наименование: Хомут шланга
• Узел: Крепеж / Зажимы и хомуты
• Раздел: Запчасти → Крепёж
• Вес: 0,1 кг
• Размеры: длина 22,86 мм; высота 119,38 мм
• Фото: 7 шт.

🚜 Применяемость по данным каталога: 7M 200, 7M 215, 7M 230, 7R 210, 7R 230, 7R 250.

🚚 Работаем с юридическими лицами. Отправляем по России транспортными компаниями.
📲 Для уточнения срока поставки, совместимости и условий отгрузки напишите в сообщения Авито или позвоните.","1800","images/03/RE52702_1.jpg","[""images/03/RE52702_1.jpg"",""images/03/RE52702_2.jpg"",""images/03/RE52702_3.jpg"",""images/03/RE52702_4.jpg"",""images/03/RE52702_5.jpg"",""images/03/RE52702_6.jpg"",""images/03/RE52702_7.jpg""]"
"RE530656","Масляный фильтр двигателя с John Deere RE530656","🔧 Масляный фильтр двигателя с корпусом в сборе John Deere RE530656.

Запчасть John Deere для ремонта и обслуживания техники. Используется при обслуживании системы фильтрации и замене расходных элементов.
Продаётся по каталожному номеру RE530656. Перед заказом рекомендуем сверить номер с вашей старой деталью или каталогом техники.

📌 Основные данные:
• Артикул: RE530656
• Бренд: John Deere
• Наименование: Масляный фильтр двигателя с корпусом в сборе
• Узел: Фильтры / Масляные фильтры двигателя
• Раздел: Запчасти → Двигатель
• Вес: 2,096 кг
• Размеры: длина 246,38 мм; ширина 172,72 мм; высота 170,18 мм
• Фото: 7 шт.

🚜 Применяемость по данным каталога: 250D, 250D-II, 300D-II, 300DW, 300WW, 608L.

🚚 Работаем с юридическими лицами. Отправляем по России транспортными компаниями.
📲 Для уточнения срока поставки, совместимости и условий отгрузки напишите в сообщения Авито или позвоните.","39000","images/10/RE530656_1.jpg","[""images/10/RE530656_1.jpg"",""images/10/RE530656_2.jpg"",""images/10/RE530656_3.jpg"",""images/10/RE530656_4.jpg"",""images/10/RE530656_5.jpg"",""images/10/RE530656_6.jpg"",""images/10/RE530656_7.jpg""]"
"RE539767","Топливный насос 12 В John Deere RE539767","🔧 Топливный насос 12 В John Deere RE539767.

Запчасть John Deere для ремонта и обслуживания техники. Предназначена для ремонта гидравлического узла и восстановления нормальной работы системы.
Продаётся по каталожному номеру RE539767. Перед заказом рекомендуем сверить номер с вашей старой деталью или каталогом техники.

📌 Основные данные:
• Артикул: RE539767
• Бренд: John Deere
• Наименование: Топливный насос 12 В
• Узел: Детали двигателя / Детали топливной системы двигателя
• Раздел: Запчасти → Двигатель
• Вес: 0,614 кг
• Размеры: длина 177,8 мм; ширина 86,36 мм; высота 83,82 мм
• Фото: 6 шт.

🚜 Применяемость по данным каталога: 370E, 410E, 460E, 824K, 844K, 1050K.

🚚 Работаем с юридическими лицами. Отправляем по России транспортными компаниями.
📲 Для уточнения срока поставки, совместимости и условий отгрузки напишите в сообщения Авито или позвоните.","235000","images/11/RE539767_1.jpg","[""images/11/RE539767_1.jpg"",""images/11/RE539767_2.jpg"",""images/11/RE539767_3.jpg"",""images/11/RE539767_4.jpg"",""images/11/RE539767_5.jpg"",""images/11/RE539767_6.jpg""]"
"RE539872","Запчасть John Deere RE539872 John Deere RE539872","🔧 Запчасть John Deere RE539872 John Deere RE539872.

Запчасть John Deere для ремонта и обслуживания техники. Подбирается по каталожному номеру для ремонта техники John Deere.
Продаётся по каталожному номеру RE539872. Перед заказом рекомендуем сверить номер с вашей старой деталью или каталогом техники.

📌 Основные данные:
• Артикул: RE539872
• Бренд: John Deere
• Наименование: Запчасть John Deere RE539872
• Узел: узел техники John Deere
• Раздел: Запчасти → Прочие детали John Deere
• Фото: 1 шт.

🚜 Применяемость по данным каталога: применимость уточняется по артикулу и данным карточки.

🚚 Работаем с юридическими лицами. Отправляем по России транспортными компаниями.
📲 Для уточнения срока поставки, совместимости и условий отгрузки напишите в сообщения Авито или позвоните.","14500","","[]"
"RE543187","Масляный насос двигателя John Deere RE543187","🔧 Масляный насос двигателя John Deere RE543187.

Запчасть John Deere для ремонта и обслуживания техники. Предназначена для ремонта гидравлического узла и восстановления нормальной работы системы.
Продаётся по каталожному номеру RE543187. Перед заказом рекомендуем сверить номер с вашей старой деталью или каталогом техники.

📌 Основные данные:
• Артикул: RE543187
• Бренд: John Deere
• Наименование: Масляный насос двигателя
• Узел: Двигатели, насосы и компрессоры / Насосы
• Раздел: Запчасти → Двигатель
• Вес: 7,838 кг
• Размеры: длина 284,48 мм; ширина 210,82 мм; высота 137,16 мм
• Фото: 7 шт.

🚜 Применяемость по данным каталога: 250D, 250D-II, 260E, 300D-II, 300DW, 300WW.

🚚 Работаем с юридическими лицами. Отправляем по России транспортными компаниями.
📲 Для уточнения срока поставки, совместимости и условий отгрузки напишите в сообщения Авито или позвоните.","128000","images/11/RE543187_1.jpg","[""images/11/RE543187_1.jpg"",""images/11/RE543187_2.jpg"",""images/11/RE543187_3.jpg"",""images/11/RE543187_4.jpg"",""images/11/RE543187_5.jpg"",""images/11/RE543187_6.jpg"",""images/11/RE543187_7.jpg""]"
"RE552370","Выпускное коромысло John Deere RE552370","🔧 Выпускное коромысло John Deere RE552370.

Запчасть John Deere для ремонта и обслуживания техники. Предназначена для ремонта гидравлического узла и восстановления нормальной работы системы.
Продаётся по каталожному номеру RE552370. Перед заказом рекомендуем сверить номер с вашей старой деталью или каталогом техники.

📌 Основные данные:
• Артикул: RE552370
• Бренд: John Deere
• Наименование: Выпускное коромысло
• Узел: Детали двигателя / Компоненты головки блока цилиндров
• Раздел: Запчасти → Двигатель
• Вес: 0,349 кг
• Размеры: длина 111,76 мм; ширина 53,34 мм; высота 43,18 мм
• Фото: 5 шт.

🚜 Применяемость по данным каталога: 7R 290, 7R 310, 7R 330, 7R 350, 8R 230, 8R 250.

🚚 Работаем с юридическими лицами. Отправляем по России транспортными компаниями.
📲 Для уточнения срока поставки, совместимости и условий отгрузки напишите в сообщения Авито или позвоните.","8500","images/04/RE552370_1.jpg","[""images/04/RE552370_1.jpg"",""images/04/RE552370_2.jpg"",""images/04/RE552370_3.jpg"",""images/04/RE552370_4.jpg"",""images/04/RE552370_5.jpg""]"
"RE552371","Впускное коромысло John Deere RE552371","🔧 Впускное коромысло John Deere RE552371.

Запчасть John Deere для ремонта и обслуживания техники. Предназначена для ремонта гидравлического узла и восстановления нормальной работы системы.
Продаётся по каталожному номеру RE552371. Перед заказом рекомендуем сверить номер с вашей старой деталью или каталогом техники.

📌 Основные данные:
• Артикул: RE552371
• Бренд: John Deere
• Наименование: Впускное коромысло
• Узел: Детали двигателя / Компоненты головки блока цилиндров
• Раздел: Запчасти → Двигатель
• Вес: 0,263 кг
• Размеры: длина 101,6 мм; ширина 53,34 мм; высота 45,72 мм
• Фото: 5 шт.

🚜 Применяемость по данным каталога: 7R 290, 7R 310, 7R 330, 7R 350, 8R 230, 8R 250.

🚚 Работаем с юридическими лицами. Отправляем по России транспортными компаниями.
📲 Для уточнения срока поставки, совместимости и условий отгрузки напишите в сообщения Авито или позвоните.","7800","images/09/RE552371_1.jpg","[""images/09/RE552371_1.jpg"",""images/09/RE552371_2.jpg"",""images/09/RE552371_3.jpg"",""images/09/RE552371_4.jpg"",""images/09/RE552371_5.jpg""]"
"RE554015","Термостат John Deere RE554015","🔧 Термостат John Deere RE554015.

Запчасть John Deere для ремонта и обслуживания техники. Используется при замене изношенной детали в соответствующем узле техники.
Продаётся по каталожному номеру RE554015. Перед заказом рекомендуем сверить номер с вашей старой деталью или каталогом техники.

📌 Основные данные:
• Артикул: RE554015
• Бренд: John Deere
• Наименование: Термостат
• Узел: Навесное оборудование двигателя / Радиаторы и охладители
• Раздел: Запчасти → Система охлаждения и впуск
• Вес: 0,214 кг
• Размеры: длина 83,82 мм; высота 81,28 мм
• Фото: 6 шт.

🚜 Применяемость по данным каталога: 6E-1004, 6E-1204, 6E-1204P, 6E-1404, 6E-1404L, 6E-1404P.

🚚 Работаем с юридическими лицами. Отправляем по России транспортными компаниями.
📲 Для уточнения срока поставки, совместимости и условий отгрузки напишите в сообщения Авито или позвоните.","6800","images/08/RE554015_1.jpg","[""images/08/RE554015_1.jpg"",""images/08/RE554015_2.jpg"",""images/08/RE554015_3.jpg"",""images/08/RE554015_4.jpg"",""images/08/RE554015_5.jpg"",""images/08/RE554015_6.jpg""]"
"RE564979","Внутренний сальник John Deere RE564979","🔧 Внутренний сальник John Deere RE564979.

Запчасть John Deere для ремонта и обслуживания техники. Подходит для ремонта узла при износе уплотнений, появлении подтеканий или плановом обслуживании.
Продаётся по каталожному номеру RE564979. Перед заказом рекомендуем сверить номер с вашей старой деталью или каталогом техники.

📌 Основные данные:
• Артикул: RE564979
• Бренд: John Deere
• Наименование: Внутренний сальник
• Узел: Уплотнения, прокладки и кольца / Сальники и комплекты уплотнений
• Раздел: Запчасти → Уплотнения и прокладки
• Вес: 0,045 кг
• Размеры: длина 10,16 мм; высота 90,17 мм
• Фото: 5 шт.

🚜 Применяемость по данным каталога: 7M 200, 7M 215, 7M 230, 2204, 7185J, 7195J.

🚚 Работаем с юридическими лицами. Отправляем по России транспортными компаниями.
📲 Для уточнения срока поставки, совместимости и условий отгрузки напишите в сообщения Авито или позвоните.","3900","images/02/RE564979_1.jpg","[""images/02/RE564979_1.jpg"",""images/02/RE564979_2.jpg"",""images/02/RE564979_3.jpg"",""images/02/RE564979_4.jpg"",""images/02/RE564979_5.jpg""]"
"RE570092","Уплотнитель двери и стекла John Deere RE570092","🔧 Уплотнитель двери и стекла John Deere RE570092.

Запчасть John Deere для ремонта и обслуживания техники. Подходит для ремонта узла при износе уплотнений, появлении подтеканий или плановом обслуживании.
Продаётся по каталожному номеру RE570092. Перед заказом рекомендуем сверить номер с вашей старой деталью или каталогом техники.

📌 Основные данные:
• Артикул: RE570092
• Бренд: John Deere
• Наименование: Уплотнитель двери и стекла
• Узел: Уплотнения, прокладки и кольца / Сальники и комплекты уплотнений
• Раздел: Запчасти → Уплотнения и прокладки
• Вес: 1,447 кг
• Размеры: длина 508 мм; ширина 335,28 мм; высота 33,02 мм
• Фото: 4 шт.

🚜 Применяемость по данным каталога: 4730, 4830, 4940, 5420, 5520, 7600.

🚚 Работаем с юридическими лицами. Отправляем по России транспортными компаниями.
📲 Для уточнения срока поставки, совместимости и условий отгрузки напишите в сообщения Авито или позвоните.","9900","images/02/RE570092_1.jpg","[""images/02/RE570092_1.jpg"",""images/02/RE570092_2.jpg"",""images/02/RE570092_3.jpg"",""images/02/RE570092_4.jpg""]"
"RE570839","Термостат John Deere RE570839","🔧 Термостат John Deere RE570839.

Запчасть John Deere для ремонта и обслуживания техники. Подбирается по каталожному номеру для ремонта техники John Deere.
Продаётся по каталожному номеру RE570839. Перед заказом рекомендуем сверить номер с вашей старой деталью или каталогом техники.

📌 Основные данные:
• Артикул: RE570839
• Бренд: John Deere
• Наименование: Термостат
• Узел: Навесное оборудование двигателя / Радиаторы и охладители
• Раздел: Запчасти → Система охлаждения и впуск
• Вес: 0,172 кг
• Размеры: длина 81,28 мм; высота 73,66 мм
• Фото: 7 шт.

🚜 Применяемость по данным каталога: 2854, 3004, 8235R, 8260R, 8285R, 8310R.

🚚 Работаем с юридическими лицами. Отправляем по России транспортными компаниями.
📲 Для уточнения срока поставки, совместимости и условий отгрузки напишите в сообщения Авито или позвоните.","8200","images/08/RE570839_1.jpg","[""images/08/RE570839_1.jpg"",""images/08/RE570839_2.jpg"",""images/08/RE570839_3.jpg"",""images/08/RE570839_4.jpg"",""images/08/RE570839_5.jpg"",""images/08/RE570839_6.jpg"",""images/08/RE570839_7.jpg""]"
"RE573949","Диск муфты переднего John Deere RE573949","🔧 Диск муфты переднего дифференциала John Deere RE573949.

Запчасть John Deere для ремонта и обслуживания техники. Используется в приводе или трансмиссионном узле, где важно совпадение посадочных размеров и каталожного номера.
Продаётся по каталожному номеру RE573949. Перед заказом рекомендуем сверить номер с вашей старой деталью или каталогом техники.

📌 Основные данные:
• Артикул: RE573949
• Бренд: John Deere
• Наименование: Диск муфты переднего дифференциала
• Узел: Трансмиссия / Муфты сцепления и компоненты
• Раздел: Запчасти → Трансмиссия и мосты
• Вес: 0,181 кг
• Размеры: длина 2,54 мм; высота 147,32 мм
• Фото: 5 шт.

🚜 Применяемость по данным каталога: 8R 230, 8R 250, 8R 280, 8R 310, 8R 340, 8R 370.

🚚 Работаем с юридическими лицами. Отправляем по России транспортными компаниями.
📲 Для уточнения срока поставки, совместимости и условий отгрузки напишите в сообщения Авито или позвоните.","7200","images/25/RE573949_1.jpg","[""images/25/RE573949_1.jpg"",""images/25/RE573949_2.jpg"",""images/25/RE573949_3.jpg"",""images/25/RE573949_4.jpg"",""images/25/RE573949_5.jpg""]"
"RE576716","Комплект спиральной John Deere RE576716","🔧 Комплект спиральной конической пары дифференциала с валом John Deere RE576716.

Запчасть John Deere для ремонта и обслуживания техники. Используется в приводе или трансмиссионном узле, где важно совпадение посадочных размеров и каталожного номера.
Продаётся по каталожному номеру RE576716. Перед заказом рекомендуем сверить номер с вашей старой деталью или каталогом техники.

📌 Основные данные:
• Артикул: RE576716
• Бренд: John Deere
• Наименование: Комплект спиральной конической пары дифференциала с валом
• Узел: Трансмиссия / Шестерни и корпуса редукторов
• Раздел: Запчасти → Трансмиссия и мосты
• Вес: 11,022 кг
• Размеры: длина 431,8 мм; ширина 285,75 мм; высота 146,05 мм
• Фото: 7 шт.

🚜 Применяемость по данным каталога: 7M 200, 7M 215, 7M 230, 7R 210, 7R 230, 7R 250.

🚚 Работаем с юридическими лицами. Отправляем по России транспортными компаниями.
📲 Для уточнения срока поставки, совместимости и условий отгрузки напишите в сообщения Авито или позвоните.","284000","images/24/RE576716_1.jpg","[""images/24/RE576716_1.jpg"",""images/24/RE576716_2.jpg"",""images/24/RE576716_3.jpg"",""images/24/RE576716_4.jpg"",""images/24/RE576716_5.jpg"",""images/24/RE576716_6.jpg"",""images/24/RE576716_7.jpg""]"
"RE576867","Внутренний сальник John Deere RE576867","🔧 Внутренний сальник John Deere RE576867.

Запчасть John Deere для ремонта и обслуживания техники. Подходит для ремонта узла при износе уплотнений, появлении подтеканий или плановом обслуживании.
Продаётся по каталожному номеру RE576867. Перед заказом рекомендуем сверить номер с вашей старой деталью или каталогом техники.

📌 Основные данные:
• Артикул: RE576867
• Бренд: John Deere
• Наименование: Внутренний сальник
• Узел: Уплотнения, прокладки и кольца / Сальники и комплекты уплотнений
• Раздел: Запчасти → Уплотнения и прокладки
• Вес: 0,045 кг
• Размеры: длина 10,16 мм; высота 93,98 мм
• Фото: 5 шт.

🚜 Применяемость по данным каталога: 7R 210, 7R 230, 7R 250, 7R 270, 7R 290, 7R 310.

🚚 Работаем с юридическими лицами. Отправляем по России транспортными компаниями.
📲 Для уточнения срока поставки, совместимости и условий отгрузки напишите в сообщения Авито или позвоните.","3900","images/02/RE576867_1.jpg","[""images/02/RE576867_1.jpg"",""images/02/RE576867_2.jpg"",""images/02/RE576867_3.jpg"",""images/02/RE576867_4.jpg"",""images/02/RE576867_5.jpg""]"
"RE577825","Нижний патрубок радиатора John Deere RE577825","🔧 Нижний патрубок радиатора John Deere RE577825.

Запчасть John Deere для ремонта и обслуживания техники. Используется при замене изношенной детали в соответствующем узле техники.
Продаётся по каталожному номеру RE577825. Перед заказом рекомендуем сверить номер с вашей старой деталью или каталогом техники.

📌 Основные данные:
• Артикул: RE577825
• Бренд: John Deere
• Наименование: Нижний патрубок радиатора
• Узел: Навесное оборудование двигателя / Радиаторы и охладители
• Раздел: Запчасти → Система охлаждения и впуск
• Вес: 1,347 кг
• Размеры: длина 1155,7 мм; высота 71,12 мм
• Фото: 3 шт.

🚜 Применяемость по данным каталога: 2704, 2904, 3004, 3204, 8225R, 8235R.

🚚 Работаем с юридическими лицами. Отправляем по России транспортными компаниями.
📲 Для уточнения срока поставки, совместимости и условий отгрузки напишите в сообщения Авито или позвоните.","16800","images/09/RE577825_1.jpg","[""images/09/RE577825_1.jpg"",""images/09/RE577825_2.jpg"",""images/09/RE577825_3.jpg""]"
"RE578843","Сальник полуоси John Deere RE578843","🔧 Сальник полуоси John Deere RE578843.

Запчасть John Deere для ремонта и обслуживания техники. Подходит для ремонта узла при износе уплотнений, появлении подтеканий или плановом обслуживании.
Продаётся по каталожному номеру RE578843. Перед заказом рекомендуем сверить номер с вашей старой деталью или каталогом техники.

📌 Основные данные:
• Артикул: RE578843
• Бренд: John Deere
• Наименование: Сальник полуоси
• Узел: Уплотнения, прокладки и кольца / Сальники и комплекты уплотнений
• Раздел: Запчасти → Уплотнения и прокладки
• Вес: 0,614 кг
• Размеры: длина 27,94 мм; высота 203,2 мм
• Фото: 6 шт.

🚜 Применяемость по данным каталога: 2704, 2904, 3004, 3204, 7210R, 7230R.

🚚 Работаем с юридическими лицами. Отправляем по России транспортными компаниями.
📲 Для уточнения срока поставки, совместимости и условий отгрузки напишите в сообщения Авито или позвоните.","19500","images/02/RE578843_1.jpg","[""images/02/RE578843_1.jpg"",""images/02/RE578843_2.jpg"",""images/02/RE578843_3.jpg"",""images/02/RE578843_4.jpg"",""images/02/RE578843_5.jpg"",""images/02/RE578843_6.jpg""]"
"RE580684","Воздухозаборник John Deere RE580684","🔧 Воздухозаборник John Deere RE580684.

Запчасть John Deere для ремонта и обслуживания техники. Используется при замене изношенной детали в соответствующем узле техники.
Продаётся по каталожному номеру RE580684. Перед заказом рекомендуем сверить номер с вашей старой деталью или каталогом техники.

📌 Основные данные:
• Артикул: RE580684
• Бренд: John Deere
• Наименование: Воздухозаборник
• Узел: Навесное оборудование двигателя / Топливная система
• Раздел: Запчасти → Двигатель
• Вес: 4,051 кг
• Размеры: длина 698,5 мм; ширина 302,26 мм; высота 215,9 мм
• Фото: 4 шт.

🚜 Применяемость по данным каталога: 2704, 2854, 2904, 3004, 3204, 8130.

🚚 Работаем с юридическими лицами. Отправляем по России транспортными компаниями.
📲 Для уточнения срока поставки, совместимости и условий отгрузки напишите в сообщения Авито или позвоните.","82000","images/09/RE580684_1.jpg","[""images/09/RE580684_1.jpg"",""images/09/RE580684_2.jpg"",""images/09/RE580684_3.jpg"",""images/09/RE580684_4.jpg""]"
"RE582808","Комплект уплотнений John Deere RE582808","🔧 Комплект уплотнений гидрораспределителя SCV John Deere RE582808.

Запчасть John Deere для ремонта и обслуживания техники. Подходит для ремонта узла при износе уплотнений, появлении подтеканий или плановом обслуживании.
Продаётся по каталожному номеру RE582808. Перед заказом рекомендуем сверить номер с вашей старой деталью или каталогом техники.

📌 Основные данные:
• Артикул: RE582808
• Бренд: John Deere
• Наименование: Комплект уплотнений гидрораспределителя SCV
• Узел: Уплотнения, прокладки и кольца / Сальники и комплекты уплотнений
• Раздел: Запчасти → Уплотнения и прокладки
• Вес: 0,023 кг
• Размеры: длина 45,72 мм; ширина 20,32 мм; высота 20,32 мм
• Фото: 4 шт.

🚜 Применяемость по данным каталога: 7R 210, 7R 230, 7R 250, 7R 270, 7R 290, 7R 310.

🚚 Работаем с юридическими лицами. Отправляем по России транспортными компаниями.
📲 Для уточнения срока поставки, совместимости и условий отгрузки напишите в сообщения Авито или позвоните.","12500","images/02/RE582808_1.jpg","[""images/02/RE582808_1.jpg"",""images/02/RE582808_2.jpg"",""images/02/RE582808_3.jpg"",""images/02/RE582808_4.jpg""]"
"RE586457","Наконечник рулевой тяги MFWD John Deere RE586457","🔧 Наконечник рулевой тяги MFWD John Deere RE586457.

Запчасть John Deere для ремонта и обслуживания техники. Подбирается по каталожному номеру для ремонта техники John Deere.
Продаётся по каталожному номеру RE586457. Перед заказом рекомендуем сверить номер с вашей старой деталью или каталогом техники.

📌 Основные данные:
• Артикул: RE586457
• Бренд: John Deere
• Наименование: Наконечник рулевой тяги MFWD
• Узел: Рулевое управление / Рычаги рулевого управления и рулевые тяги
• Раздел: Запчасти → Рулевое управление
• Вес: 4,818 кг
• Размеры: длина 198,12 мм; высота 99,06 мм
• Фото: 5 шт.

🚜 Применяемость по данным каталога: 8R 230, 8R 250, 8R 280, 8R 310, 8R 340, 8R 370.

🚚 Работаем с юридическими лицами. Отправляем по России транспортными компаниями.
📲 Для уточнения срока поставки, совместимости и условий отгрузки напишите в сообщения Авито или позвоните.","82000","images/18/RE586457_1.jpg","[""images/18/RE586457_1.jpg"",""images/18/RE586457_2.jpg"",""images/18/RE586457_3.jpg"",""images/18/RE586457_4.jpg"",""images/18/RE586457_5.jpg""]"
"RE586529","Карданный шарнир с валом John Deere RE586529","🔧 Карданный шарнир с валом John Deere RE586529.

Запчасть John Deere для ремонта и обслуживания техники. Используется в приводе или трансмиссионном узле, где важно совпадение посадочных размеров и каталожного номера.
Продаётся по каталожному номеру RE586529. Перед заказом рекомендуем сверить номер с вашей старой деталью или каталогом техники.

📌 Основные данные:
• Артикул: RE586529
• Бренд: John Deere
• Наименование: Карданный шарнир с валом
• Узел: Трансмиссия / Карданные валы
• Раздел: Запчасти → Трансмиссия и мосты
• Вес: 19,958 кг
• Размеры: длина 1041,4 мм; высота 147,32 мм
• Фото: 5 шт.

🚜 Применяемость по данным каталога: 8R 230, 8R 250, 8R 280, 8R 310, 8R 340, 8R 370.

🚚 Работаем с юридическими лицами. Отправляем по России транспортными компаниями.
📲 Для уточнения срока поставки, совместимости и условий отгрузки напишите в сообщения Авито или позвоните.","282000","images/21/RE586529_1.jpg","[""images/21/RE586529_1.jpg"",""images/21/RE586529_2.jpg"",""images/21/RE586529_3.jpg"",""images/21/RE586529_4.jpg"",""images/21/RE586529_5.jpg""]"
"RE588241","Внутренний сальник John Deere RE588241","🔧 Внутренний сальник John Deere RE588241.

Запчасть John Deere для ремонта и обслуживания техники. Подходит для ремонта узла при износе уплотнений, появлении подтеканий или плановом обслуживании.
Продаётся по каталожному номеру RE588241. Перед заказом рекомендуем сверить номер с вашей старой деталью или каталогом техники.

📌 Основные данные:
• Артикул: RE588241
• Бренд: John Deere
• Наименование: Внутренний сальник
• Узел: Уплотнения, прокладки и кольца / Сальники и комплекты уплотнений
• Раздел: Запчасти → Уплотнения и прокладки
• Вес: 0,289 кг
• Размеры: длина 25,4 мм; высота 104,14 мм
• Фото: 6 шт.

🚜 Применяемость по данным каталога: 7M 200, 7M 215, 7M 230, 7R 210, 7R 230, 7R 250.

🚚 Работаем с юридическими лицами. Отправляем по России транспортными компаниями.
📲 Для уточнения срока поставки, совместимости и условий отгрузки напишите в сообщения Авито или позвоните.","8200","images/02/RE588241_1.jpg","[""images/02/RE588241_1.jpg"",""images/02/RE588241_2.jpg"",""images/02/RE588241_3.jpg"",""images/02/RE588241_4.jpg"",""images/02/RE588241_5.jpg"",""images/02/RE588241_6.jpg""]"
"RE590718","Сальник ступицы колеса John Deere RE590718","🔧 Сальник ступицы колеса John Deere RE590718.

Запчасть John Deere для ремонта и обслуживания техники. Подходит для ремонта узла при износе уплотнений, появлении подтеканий или плановом обслуживании.
Продаётся по каталожному номеру RE590718. Перед заказом рекомендуем сверить номер с вашей старой деталью или каталогом техники.

📌 Основные данные:
• Артикул: RE590718
• Бренд: John Deere
• Наименование: Сальник ступицы колеса
• Узел: Уплотнения, прокладки и кольца / Сальники и комплекты уплотнений
• Раздел: Запчасти → Уплотнения и прокладки
• Вес: 0,523 кг
• Размеры: длина 20,32 мм; высота 231,14 мм
• Фото: 4 шт.

🚜 Применяемость по данным каталога: 8R 230, 8R 250, 8R 280, 8R 310, 8R 340, 8R 370.

🚚 Работаем с юридическими лицами. Отправляем по России транспортными компаниями.
📲 Для уточнения срока поставки, совместимости и условий отгрузки напишите в сообщения Авито или позвоните.","19500","images/02/RE590718_1.jpg","[""images/02/RE590718_1.jpg"",""images/02/RE590718_2.jpg"",""images/02/RE590718_3.jpg"",""images/02/RE590718_4.jpg""]"
"RE591430","Датчик перепада давления John Deere RE591430","🔧 Датчик перепада давления John Deere RE591430.

Запчасть John Deere для ремонта и обслуживания техники. Используется при замене изношенной детали в соответствующем узле техники.
Продаётся по каталожному номеру RE591430. Перед заказом рекомендуем сверить номер с вашей старой деталью или каталогом техники.

📌 Основные данные:
• Артикул: RE591430
• Бренд: John Deere
• Наименование: Датчик перепада давления
• Узел: Датчики / Датчики давления
• Раздел: Запчасти → Электрика
• Вес: 0,064 кг
• Размеры: длина 63,5 мм; высота 27,94 мм
• Фото: 6 шт.

🚜 Применяемость по данным каталога: 7R 210, 7R 230, 7R 250, 7R 270, 7R 290, 7R 310.

🚚 Работаем с юридическими лицами. Отправляем по России транспортными компаниями.
📲 Для уточнения срока поставки, совместимости и условий отгрузки напишите в сообщения Авито или позвоните.","22000","images/26/RE591430_1.jpg","[""images/26/RE591430_1.jpg"",""images/26/RE591430_2.jpg"",""images/26/RE591430_3.jpg"",""images/26/RE591430_4.jpg"",""images/26/RE591430_5.jpg"",""images/26/RE591430_6.jpg""]"
"RE61882","Вилка карданного шарнира John Deere RE61882","🔧 Вилка карданного шарнира John Deere RE61882.

Запчасть John Deere для ремонта и обслуживания техники. Используется в приводе или трансмиссионном узле, где важно совпадение посадочных размеров и каталожного номера.
Продаётся по каталожному номеру RE61882. Перед заказом рекомендуем сверить номер с вашей старой деталью или каталогом техники.

📌 Основные данные:
• Артикул: RE61882
• Бренд: John Deere
• Наименование: Вилка карданного шарнира
• Узел: Трансмиссия / Прочие детали привода
• Раздел: Запчасти → Трансмиссия и мосты
• Вес: 1,447 кг
• Размеры: длина 120,65 мм; ширина 78,74 мм; высота 73,66 мм
• Фото: 6 шт.

🚜 Применяемость по данным каталога: 7M 200, 7M 215, 7M 230, 2204, 7185J, 7195J.

🚚 Работаем с юридическими лицами. Отправляем по России транспортными компаниями.
📲 Для уточнения срока поставки, совместимости и условий отгрузки напишите в сообщения Авито или позвоните.","39000","images/21/RE61882_1.jpg","[""images/21/RE61882_1.jpg"",""images/21/RE61882_2.jpg"",""images/21/RE61882_3.jpg"",""images/21/RE61882_4.jpg"",""images/21/RE61882_5.jpg"",""images/21/RE61882_6.jpg""]"
"RE62204","Опора моста с втулкой John Deere RE62204","🔧 Опора моста с втулкой John Deere RE62204.

Запчасть John Deere для ремонта и обслуживания техники. Применяется как крепёжный или опорный элемент в соответствующем узле техники.
Продаётся по каталожному номеру RE62204. Перед заказом рекомендуем сверить номер с вашей старой деталью или каталогом техники.

📌 Основные данные:
• Артикул: RE62204
• Бренд: John Deere
• Наименование: Опора моста с втулкой
• Узел: Трансмиссия / Мосты и компоненты мостов
• Раздел: Запчасти → Подшипники и втулки
• Вес: 5,779 кг
• Размеры: длина 254 мм; ширина 134,62 мм; высота 101,6 мм
• Фото: 5 шт.

🚜 Применяемость по данным каталога: 8R 230, 8R 250, 8R 280, 8R 310, 8R 340, 8R 370.

🚚 Работаем с юридическими лицами. Отправляем по России транспортными компаниями.
📲 Для уточнения срока поставки, совместимости и условий отгрузки напишите в сообщения Авито или позвоните.","57000","images/23/RE62204_2.jpg","[""images/23/RE62204_2.jpg"",""images/23/RE62204_3.jpg"",""images/23/RE62204_4.jpg"",""images/23/RE62204_5.jpg"",""images/23/RE62204_6.jpg""]"
"RE62901","Верхний амортизатор крепления John Deere RE62901","🔧 Верхний амортизатор крепления кабины John Deere RE62901.

Запчасть John Deere для ремонта и обслуживания техники. Применяется как крепёжный или опорный элемент в соответствующем узле техники.
Продаётся по каталожному номеру RE62901. Перед заказом рекомендуем сверить номер с вашей старой деталью или каталогом техники.

📌 Основные данные:
• Артикул: RE62901
• Бренд: John Deere
• Наименование: Верхний амортизатор крепления кабины
• Узел: Кузовные и листовые детали / Прочие кузовные детали
• Раздел: Запчасти → Крепёж и крепления
• Вес: 0,2 кг
• Размеры: длина 20,32 мм; высота 76,2 мм
• Фото: 6 шт.

🚜 Применяемость по данным каталога: 6A-1104, 6B-954, 6B-1404, 6BH 110, 6E-1004, 6E-1204.

🚚 Работаем с юридическими лицами. Отправляем по России транспортными компаниями.
📲 Для уточнения срока поставки, совместимости и условий отгрузки напишите в сообщения Авито или позвоните.","5600","images/19/RE62901_1.jpg","[""images/19/RE62901_1.jpg"",""images/19/RE62901_2.jpg"",""images/19/RE62901_3.jpg"",""images/19/RE62901_4.jpg"",""images/19/RE62901_5.jpg"",""images/19/RE62901_6.jpg""]"
"RE62910","Амортизатор крепления кабины John Deere RE62910","🔧 Амортизатор крепления кабины John Deere RE62910.

Запчасть John Deere для ремонта и обслуживания техники. Применяется как крепёжный или опорный элемент в соответствующем узле техники.
Продаётся по каталожному номеру RE62910. Перед заказом рекомендуем сверить номер с вашей старой деталью или каталогом техники.

📌 Основные данные:
• Артикул: RE62910
• Бренд: John Deere
• Наименование: Амортизатор крепления кабины
• Узел: Кузовные и листовые детали / Прочие кузовные детали
• Раздел: Запчасти → Крепёж и крепления
• Вес: 0,404 кг
• Размеры: длина 35,56 мм; высота 96,52 мм
• Фото: 7 шт.

🚜 Применяемость по данным каталога: 6A-1104, 6B-954, 6B-1404, 6BH 110, 6E-1004, 6E-1204.

🚚 Работаем с юридическими лицами. Отправляем по России транспортными компаниями.
📲 Для уточнения срока поставки, совместимости и условий отгрузки напишите в сообщения Авито или позвоните.","6000","images/19/RE62910_1.jpg","[""images/19/RE62910_1.jpg"",""images/19/RE62910_2.jpg"",""images/19/RE62910_3.jpg"",""images/19/RE62910_4.jpg"",""images/19/RE62910_5.jpg"",""images/19/RE62910_6.jpg"",""images/19/RE62910_7.jpg""]"
"RE64748","Конический роликовый подшипник John Deere RE64748","🔧 Конический роликовый подшипник John Deere RE64748.

Запчасть John Deere для ремонта и обслуживания техники. Подходит для замены изношенной опоры вращения или посадочного элемента.
Продаётся по каталожному номеру RE64748. Перед заказом рекомендуем сверить номер с вашей старой деталью или каталогом техники.

📌 Основные данные:
• Артикул: RE64748
• Бренд: John Deere
• Наименование: Конический роликовый подшипник
• Узел: Подшипники и втулки / Роликовые подшипники
• Раздел: Запчасти → Подшипники и втулки
• Вес: 4,962 кг
• Размеры: длина 53,34 мм; высота 170,18 мм
• Размеры: объём 3,085 л
• Фото: 1 шт.

🚜 Применяемость по данным каталога: 7R 210, 7R 230, 7R 250, 7R 270, 7R 290, 7R 310.

🚚 Работаем с юридическими лицами. Отправляем по России транспортными компаниями.
📲 Для уточнения срока поставки, совместимости и условий отгрузки напишите в сообщения Авито или позвоните.","92000","images/23/RE64748_1.jpg","[""images/23/RE64748_1.jpg""]"
"RE65621","Крестовина карданного шарнира John Deere RE65621","🔧 Крестовина карданного шарнира John Deere RE65621.

Запчасть John Deere для ремонта и обслуживания техники. Используется в приводе или трансмиссионном узле, где важно совпадение посадочных размеров и каталожного номера.
Продаётся по каталожному номеру RE65621. Перед заказом рекомендуем сверить номер с вашей старой деталью или каталогом техники.

📌 Основные данные:
• Артикул: RE65621
• Бренд: John Deere
• Наименование: Крестовина карданного шарнира
• Узел: Подшипники и втулки / Крестовины и подшипниковые узлы
• Раздел: Запчасти → Подшипники и втулки
• Вес: 1,066 кг
• Размеры: длина 111,76 мм; ширина 111,76 мм; высота 38,1 мм
• Фото: 6 шт.

🚜 Применяемость по данным каталога: 7M 200, 7M 215, 7M 230, 7R 210, 7R 230, 7R 250.

🚚 Работаем с юридическими лицами. Отправляем по России транспортными компаниями.
📲 Для уточнения срока поставки, совместимости и условий отгрузки напишите в сообщения Авито или позвоните.","24300","images/23/RE65621_1.jpg","[""images/23/RE65621_1.jpg"",""images/23/RE65621_2.jpg"",""images/23/RE65621_3.jpg"",""images/23/RE65621_4.jpg"",""images/23/RE65621_5.jpg"",""images/23/RE65621_6.jpg""]"
"RE70472","Крутильный демпфер John Deere RE70472","🔧 Крутильный демпфер John Deere RE70472.

Запчасть John Deere для ремонта и обслуживания техники. Подбирается по каталожному номеру для ремонта техники John Deere.
Продаётся по каталожному номеру RE70472. Перед заказом рекомендуем сверить номер с вашей старой деталью или каталогом техники.

📌 Основные данные:
• Артикул: RE70472
• Бренд: John Deere
• Наименование: Крутильный демпфер
• Узел: Навесное оборудование двигателя / Демпферы
• Раздел: Запчасти → Двигатель
• Вес: 10,197 кг
• Размеры: длина 81,28 мм; высота 353,06 мм
• Фото: 5 шт.

🚜 Применяемость по данным каталога: 7M 200, 7M 215, 7M 230, 2204, 7185J, 7195J.

🚚 Работаем с юридическими лицами. Отправляем по России транспортными компаниями.
📲 Для уточнения срока поставки, совместимости и условий отгрузки напишите в сообщения Авито или позвоните.","133000","images/04/RE70472_1.jpg","[""images/04/RE70472_1.jpg"",""images/04/RE70472_2.jpg"",""images/04/RE70472_3.jpg"",""images/04/RE70472_4.jpg"",""images/04/RE70472_5.jpg""]"
"SJ11792","Гидравлический фильтр John Deere SJ11792","🔧 Гидравлический фильтр John Deere SJ11792.

Запчасть John Deere для ремонта и обслуживания техники. Используется при обслуживании системы фильтрации и замене расходных элементов.
Продаётся по каталожному номеру SJ11792. Перед заказом рекомендуем сверить номер с вашей старой деталью или каталогом техники.

📌 Основные данные:
• Артикул: SJ11792
• Бренд: John Deere
• Наименование: Гидравлический фильтр
• Узел: Фильтры / Гидравлические фильтры
• Раздел: Запчасти → Гидравлика
• Вес: 1,515 кг
• Размеры: длина 271,78 мм; ширина 170,18 мм; высота 167,64 мм
• Фото: 4 шт.

🚜 Применяемость по данным каталога: 6A-1104, 6B-954, 6B-1404, 6BH 110, 6E-1004, 6E-1204.

🚚 Работаем с юридическими лицами. Отправляем по России транспортными компаниями.
📲 Для уточнения срока поставки, совместимости и условий отгрузки напишите в сообщения Авито или позвоните.","11500","images/11/SJ11792_1.jpg","[""images/11/SJ11792_1.jpg"",""images/11/SJ11792_2.jpg"",""images/11/SJ11792_3.jpg"",""images/11/SJ11792_4.jpg""]"
"SJ21033","Трехсекционный гидравлический John Deere SJ21033","🔧 Трехсекционный гидравлический насос John Deere SJ21033.

Запчасть John Deere для ремонта и обслуживания техники. Предназначена для ремонта гидравлического узла и восстановления нормальной работы системы.
Продаётся по каталожному номеру SJ21033. Перед заказом рекомендуем сверить номер с вашей старой деталью или каталогом техники.

📌 Основные данные:
• Артикул: SJ21033
• Бренд: John Deere
• Наименование: Трехсекционный гидравлический насос
• Узел: Двигатели, насосы и компрессоры / Насосы
• Раздел: Запчасти → Гидравлика
• Вес: 14,923 кг
• Размеры: длина 654,05 мм; ширина 196,85 мм; высота 152,4 мм
• Фото: 4 шт.

🚜 Применяемость по данным каталога: 6B-1404, 6BH 110, 6E-1204, 6E-1204P, 6E-1404L, 6E-1404P.

🚚 Работаем с юридическими лицами. Отправляем по России транспортными компаниями.
📲 Для уточнения срока поставки, совместимости и условий отгрузки напишите в сообщения Авито или позвоните.","98000","images/11/SJ21033_1.jpg","[""images/11/SJ21033_1.jpg"",""images/11/SJ21033_2.jpg"",""images/11/SJ21033_3.jpg"",""images/11/SJ21033_4.jpg""]"
"SJ32563","Нижняя тяга навески John Deere SJ32563","🔧 Нижняя тяга навески John Deere SJ32563.

Запчасть John Deere для ремонта и обслуживания техники. Подбирается по каталожному номеру для ремонта техники John Deere.
Продаётся по каталожному номеру SJ32563. Перед заказом рекомендуем сверить номер с вашей старой деталью или каталогом техники.

📌 Основные данные:
• Артикул: SJ32563
• Бренд: John Deere
• Наименование: Нижняя тяга навески
• Узел: Навеска трактора / Нижние тяги
• Раздел: Запчасти → Навеска и тяги
• Вес: 19,227 кг
• Размеры: длина 952,5 мм; ширина 162,56 мм; высота 71,12 мм
• Фото: 1 шт.

🚜 Применяемость по данным каталога: 6B-1404, 6BH 110, 6E-1204, 6E-1204P, 6E-1404L, 6E-1404P.

🚚 Работаем с юридическими лицами. Отправляем по России транспортными компаниями.
📲 Для уточнения срока поставки, совместимости и условий отгрузки напишите в сообщения Авито или позвоните.","28000","images/12/SJ32563_1.jpg","[""images/12/SJ32563_1.jpg""]"
"SJ32596","Нижняя тяга навески John Deere SJ32596","🔧 Нижняя тяга навески John Deere SJ32596.

Запчасть John Deere для ремонта и обслуживания техники. Используется при замене изношенной детали в соответствующем узле техники.
Продаётся по каталожному номеру SJ32596. Перед заказом рекомендуем сверить номер с вашей старой деталью или каталогом техники.

📌 Основные данные:
• Артикул: SJ32596
• Бренд: John Deere
• Наименование: Нижняя тяга навески
• Узел: Навеска трактора / Нижние тяги
• Раздел: Запчасти → Навеска и тяги
• Вес: 20,042 кг
• Размеры: длина 944,88 мм; ширина 157,48 мм; высота 60,96 мм
• Фото: 1 шт.

🚜 Применяемость по данным каталога: 6B-1404, 6BH 110, 6E-1204, 6E-1204P, 6E-1404L, 6E-1404P.

🚚 Работаем с юридическими лицами. Отправляем по России транспортными компаниями.
📲 Для уточнения срока поставки, совместимости и условий отгрузки напишите в сообщения Авито или позвоните.","28000","images/12/SJ32596_1.jpg","[""images/12/SJ32596_1.jpg""]"
"SJ34092","Центральная тяга John Deere SJ34092","🔧 Центральная тяга John Deere SJ34092.

Запчасть John Deere для ремонта и обслуживания техники. Используется при замене изношенной детали в соответствующем узле техники.
Продаётся по каталожному номеру SJ34092. Перед заказом рекомендуем сверить номер с вашей старой деталью или каталогом техники.

📌 Основные данные:
• Артикул: SJ34092
• Бренд: John Deere
• Наименование: Центральная тяга
• Узел: Навеска трактора / Центральные тяги
• Раздел: Запчасти → Навеска и тяги
• Фото: 1 шт.

🚜 Применяемость по данным каталога: 6B-1404, 6BH 110, 6E-1204, 6E-1204P, 6E-1404L, 6E-1404P.

🚚 Работаем с юридическими лицами. Отправляем по России транспортными компаниями.
📲 Для уточнения срока поставки, совместимости и условий отгрузки напишите в сообщения Авито или позвоните.","25900","images/12/SJ34092_1.jpg","[""images/12/SJ34092_1.jpg""]"
"SJ38848","Подъемная тяга навески John Deere SJ38848","🔧 Подъемная тяга навески John Deere SJ38848.

Запчасть John Deere для ремонта и обслуживания техники. Используется при замене изношенной детали в соответствующем узле техники.
Продаётся по каталожному номеру SJ38848. Перед заказом рекомендуем сверить номер с вашей старой деталью или каталогом техники.

📌 Основные данные:
• Артикул: SJ38848
• Бренд: John Deere
• Наименование: Подъемная тяга навески
• Узел: Навеска трактора / Подъемные рычаги и тяги
• Раздел: Запчасти → Навеска и тяги
• Вес: 8,509 кг
• Размеры: длина 759,46 мм; ширина 91,44 мм; высота 83,82 мм
• Фото: 1 шт.

🚜 Применяемость по данным каталога: 6A-1104, 6B-954, 6B-1404, 6BH 110, 6E-1004, 6E-1204.

🚚 Работаем с юридическими лицами. Отправляем по России транспортными компаниями.
📲 Для уточнения срока поставки, совместимости и условий отгрузки напишите в сообщения Авито или позвоните.","11800","","[]"
"SJ38849","Подъемная тяга навески John Deere SJ38849","🔧 Подъемная тяга навески John Deere SJ38849.

Запчасть John Deere для ремонта и обслуживания техники. Подходит для ремонта и обслуживания техники John Deere.
Продаётся по каталожному номеру SJ38849. Перед заказом рекомендуем сверить номер с вашей старой деталью или каталогом техники.

📌 Основные данные:
• Артикул: SJ38849
• Бренд: John Deere
• Наименование: Подъемная тяга навески
• Узел: Навеска трактора / Подъемные рычаги и тяги
• Раздел: Запчасти → Навеска и тяги
• Вес: 10,755 кг
• Размеры: длина 784,86 мм; ширина 121,92 мм; высота 88,9 мм
• Фото: 1 шт.

🚜 Применяемость по данным каталога: 6A-1104, 6B-954, 6B-1404, 6BH 110, 6E-1004, 6E-1204.

🚚 Работаем с юридическими лицами. Отправляем по России транспортными компаниями.
📲 Для уточнения срока поставки, совместимости и условий отгрузки напишите в сообщения Авито или позвоните.","17500","images/12/SJ38849_1.jpg","[""images/12/SJ38849_1.jpg""]"
"SU20688","Вал John Deere SU20688","🔧 Вал John Deere SU20688.

Запчасть John Deere для ремонта и обслуживания техники. Используется в приводе или трансмиссионном узле, где важно совпадение посадочных размеров и каталожного номера.
Продаётся по каталожному номеру SU20688. Перед заказом рекомендуем сверить номер с вашей старой деталью или каталогом техники.

📌 Основные данные:
• Артикул: SU20688
• Бренд: John Deere
• Наименование: Вал
• Узел: Трансмиссия / Карданные валы
• Раздел: Запчасти → Трансмиссия и мосты
• Фото: 2 шт.

🚜 Применяемость по данным каталога: 904, 1054, 1354, 1404.

🚚 Работаем с юридическими лицами. Отправляем по России транспортными компаниями.
📲 Для уточнения срока поставки, совместимости и условий отгрузки напишите в сообщения Авито или позвоните.","26500","images/21/SU20688_1.jpg","[""images/21/SU20688_1.jpg"",""images/21/SU20688_2.jpg""]"
"SU24399","Левый подъемный рычаг вала John Deere SU24399","🔧 Левый подъемный рычаг вала навески John Deere SU24399.

Запчасть John Deere для ремонта и обслуживания техники. Используется в приводе или трансмиссионном узле, где важно совпадение посадочных размеров и каталожного номера.
Продаётся по каталожному номеру SU24399. Перед заказом рекомендуем сверить номер с вашей старой деталью или каталогом техники.

📌 Основные данные:
• Артикул: SU24399
• Бренд: John Deere
• Наименование: Левый подъемный рычаг вала навески
• Узел: Навеска трактора / Подъемные рычаги и тяги
• Раздел: Запчасти → Навеска и тяги
• Вес: 11,131 кг
• Размеры: длина 431,8 мм; ширина 170,18 мм; высота 114,3 мм
• Фото: 3 шт.

🚜 Применяемость по данным каталога: 6A-1104, 6B-954, 6B-1404, 6BH 110, 6E-1004, 6E-1204.

🚚 Работаем с юридическими лицами. Отправляем по России транспортными компаниями.
📲 Для уточнения срока поставки, совместимости и условий отгрузки напишите в сообщения Авито или позвоните.","47000","images/12/SU24399_1.jpg","[""images/12/SU24399_1.jpg"",""images/12/SU24399_2.jpg"",""images/12/SU24399_3.jpg""]"
"SU24400","Правый подъемный рычаг вала John Deere SU24400","🔧 Правый подъемный рычаг вала навески John Deere SU24400.

Запчасть John Deere для ремонта и обслуживания техники. Используется в приводе или трансмиссионном узле, где важно совпадение посадочных размеров и каталожного номера.
Продаётся по каталожному номеру SU24400. Перед заказом рекомендуем сверить номер с вашей старой деталью или каталогом техники.

📌 Основные данные:
• Артикул: SU24400
• Бренд: John Deere
• Наименование: Правый подъемный рычаг вала навески
• Узел: Навеска трактора / Подъемные рычаги и тяги
• Раздел: Запчасти → Навеска и тяги
• Вес: 11,027 кг
• Размеры: длина 431,8 мм; ширина 177,8 мм; высота 114,3 мм
• Фото: 3 шт.

🚜 Применяемость по данным каталога: 6A-1104, 6B-954, 6B-1404, 6BH 110, 6E-1004, 6E-1204.

🚚 Работаем с юридическими лицами. Отправляем по России транспортными компаниями.
📲 Для уточнения срока поставки, совместимости и условий отгрузки напишите в сообщения Авито или позвоните.","42000","images/12/SU24400_1.jpg","[""images/12/SU24400_1.jpg"",""images/12/SU24400_2.jpg"",""images/12/SU24400_3.jpg""]"
"SU30199","Левый кронштейн стабилизатора John Deere SU30199","🔧 Левый кронштейн стабилизатора навески John Deere SU30199.

Запчасть John Deere для ремонта и обслуживания техники. Применяется как крепёжный или опорный элемент в соответствующем узле техники.
Продаётся по каталожному номеру SU30199. Перед заказом рекомендуем сверить номер с вашей старой деталью или каталогом техники.

📌 Основные данные:
• Артикул: SU30199
• Бренд: John Deere
• Наименование: Левый кронштейн стабилизатора навески
• Узел: Навеска трактора / Сцепные устройства и крепления
• Раздел: Запчасти → Навеска и тяги
• Вес: 11,326 кг
• Размеры: длина 508 мм; ширина 139,7 мм; высота 133,35 мм
• Фото: 4 шт.

🚜 Применяемость по данным каталога: 6A-1104, 6B-954, 6B-1404, 6BH 110, 6E-1204, 6E-1204P.

🚚 Работаем с юридическими лицами. Отправляем по России транспортными компаниями.
📲 Для уточнения срока поставки, совместимости и условий отгрузки напишите в сообщения Авито или позвоните.","22000","images/06/SU30199_1.jpg","[""images/06/SU30199_1.jpg"",""images/06/SU30199_2.jpg"",""images/06/SU30199_3.jpg"",""images/06/SU30199_4.jpg""]"
"SU30201","Правый кронштейн John Deere SU30201","🔧 Правый кронштейн стабилизатора навески John Deere SU30201.

Запчасть John Deere для ремонта и обслуживания техники. Применяется как крепёжный или опорный элемент в соответствующем узле техники.
Продаётся по каталожному номеру SU30201. Перед заказом рекомендуем сверить номер с вашей старой деталью или каталогом техники.

📌 Основные данные:
• Артикул: SU30201
• Бренд: John Deere
• Наименование: Правый кронштейн стабилизатора навески
• Узел: Навеска трактора / Сцепные устройства и крепления
• Раздел: Запчасти → Навеска и тяги
• Вес: 11,793 кг
• Размеры: длина 495,3 мм; ширина 165,1 мм; высота 152,4 мм
• Фото: 4 шт.

🚜 Применяемость по данным каталога: 6A-1104, 6B-954, 6B-1404, 6BH 110, 6E-1204, 6E-1204P.

🚚 Работаем с юридическими лицами. Отправляем по России транспортными компаниями.
📲 Для уточнения срока поставки, совместимости и условий отгрузки напишите в сообщения Авито или позвоните.","19500","images/06/SU30201_1.jpg","[""images/06/SU30201_1.jpg"",""images/06/SU30201_2.jpg"",""images/06/SU30201_3.jpg"",""images/06/SU30201_4.jpg""]"
"SU34121","Диск муфты ВОМ John Deere SU34121","🔧 Диск муфты ВОМ John Deere SU34121.

Запчасть John Deere для ремонта и обслуживания техники. Используется в приводе или трансмиссионном узле, где важно совпадение посадочных размеров и каталожного номера.
Продаётся по каталожному номеру SU34121. Перед заказом рекомендуем сверить номер с вашей старой деталью или каталогом техники.

📌 Основные данные:
• Артикул: SU34121
• Бренд: John Deere
• Наименование: Диск муфты ВОМ
• Узел: Трансмиссия / Муфты сцепления и компоненты
• Раздел: Запчасти → Трансмиссия и мосты
• Вес: 0,127 кг
• Размеры: длина 196,85 мм; ширина 158,75 мм; высота 5,08 мм
• Фото: 4 шт.

🚜 Применяемость по данным каталога: 6B-1404, 6BH 110, 6E-1004, 6E-1204, 6E-1204P, 6E-1404.

🚚 Работаем с юридическими лицами. Отправляем по России транспортными компаниями.
📲 Для уточнения срока поставки, совместимости и условий отгрузки напишите в сообщения Авито или позвоните.","980","images/22/SU34121_1.jpg","[""images/22/SU34121_1.jpg"",""images/22/SU34121_2.jpg"",""images/22/SU34121_3.jpg"",""images/22/SU34121_4.jpg""]"
"SU41618","Воздухозаборный шланг John Deere SU41618","🔧 Воздухозаборный шланг John Deere SU41618.

Запчасть John Deere для ремонта и обслуживания техники. Предназначена для ремонта гидравлического узла и восстановления нормальной работы системы.
Продаётся по каталожному номеру SU41618. Перед заказом рекомендуем сверить номер с вашей старой деталью или каталогом техники.

📌 Основные данные:
• Артикул: SU41618
• Бренд: John Deere
• Наименование: Воздухозаборный шланг
• Узел: Гидравлическая система / Трубопроводы и шланги
• Раздел: Запчасти → Гидравлика
• Фото: 2 шт.

🚜 Применяемость по данным каталога: 6B-1404, 6E-1204, 6E-1504L, 6E-1504PL, 1404, 6140B.

🚚 Работаем с юридическими лицами. Отправляем по России транспортными компаниями.
📲 Для уточнения срока поставки, совместимости и условий отгрузки напишите в сообщения Авито или позвоните.","6100","images/09/SU41618_1.jpg","[""images/09/SU41618_1.jpg"",""images/09/SU41618_2.jpg""]"
"SU45153","Вал John Deere SU45153","🔧 Вал John Deere SU45153.

Запчасть John Deere для ремонта и обслуживания техники. Используется в приводе или трансмиссионном узле, где важно совпадение посадочных размеров и каталожного номера.
Продаётся по каталожному номеру SU45153. Перед заказом рекомендуем сверить номер с вашей старой деталью или каталогом техники.

📌 Основные данные:
• Артикул: SU45153
• Бренд: John Deere
• Наименование: Вал
• Узел: Трансмиссия / Карданные валы
• Раздел: Запчасти → Трансмиссия и мосты
• Фото: 2 шт.

🚜 Применяемость по данным каталога: 6B-954, 1404, 6110B, 6135B.

🚚 Работаем с юридическими лицами. Отправляем по России транспортными компаниями.
📲 Для уточнения срока поставки, совместимости и условий отгрузки напишите в сообщения Авито или позвоните.","24000","images/21/SU45153_1.jpg","[""images/21/SU45153_1.jpg"",""images/21/SU45153_2.jpg""]"
"SU48043","Вал зубчатой передачи ВОМ John Deere SU48043","🔧 Вал зубчатой передачи ВОМ John Deere SU48043.

Запчасть John Deere для ремонта и обслуживания техники. Используется в приводе или трансмиссионном узле, где важно совпадение посадочных размеров и каталожного номера.
Продаётся по каталожному номеру SU48043. Перед заказом рекомендуем сверить номер с вашей старой деталью или каталогом техники.

📌 Основные данные:
• Артикул: SU48043
• Бренд: John Deere
• Наименование: Вал зубчатой передачи ВОМ
• Узел: Трансмиссия / Валы отбора мощности
• Раздел: Запчасти → Трансмиссия и мосты
• Вес: 3,91 кг
• Размеры: длина 309,88 мм; ширина 88,9 мм; высота 88,9 мм
• Фото: 6 шт.

🚜 Применяемость по данным каталога: 6B-954, 6B-1404, 6BH 110, 6E-1004, 6E-1204, 6E-1204P.

🚚 Работаем с юридическими лицами. Отправляем по России транспортными компаниями.
📲 Для уточнения срока поставки, совместимости и условий отгрузки напишите в сообщения Авито или позвоните.","24000","images/22/SU48043_1.jpg","[""images/22/SU48043_1.jpg"",""images/22/SU48043_2.jpg"",""images/22/SU48043_3.jpg"",""images/22/SU48043_4.jpg"",""images/22/SU48043_5.jpg"",""images/22/SU48043_6.jpg""]"
"SU52682","Кронштейн крюкового типа John Deere SU52682","🔧 Кронштейн крюкового типа John Deere SU52682.

Запчасть John Deere для ремонта и обслуживания техники. Применяется как крепёжный или опорный элемент в соответствующем узле техники.
Продаётся по каталожному номеру SU52682. Перед заказом рекомендуем сверить номер с вашей старой деталью или каталогом техники.

📌 Основные данные:
• Артикул: SU52682
• Бренд: John Deere
• Наименование: Кронштейн крюкового типа
• Узел: Кузовные и листовые детали / Кронштейны и комплекты
• Раздел: Запчасти → Крепёж и крепления
• Вес: 0,5 кг
• Размеры: длина 114,3 мм; ширина 73,66 мм; высота 33,02 мм
• Фото: 1 шт.

🚜 Применяемость по данным каталога: 6B-1404, 6BH 110, 6E-1204, 6E-1204P, 6E-1404, 6E-1404L.

🚚 Работаем с юридическими лицами. Отправляем по России транспортными компаниями.
📲 Для уточнения срока поставки, совместимости и условий отгрузки напишите в сообщения Авито или позвоните.","720","","[]"
"SU60368","Барабан сцепления HLPR John Deere SU60368","🔧 Барабан сцепления HLPR John Deere SU60368.

Запчасть John Deere для ремонта и обслуживания техники. Используется в приводе или трансмиссионном узле, где важно совпадение посадочных размеров и каталожного номера.
Продаётся по каталожному номеру SU60368. Перед заказом рекомендуем сверить номер с вашей старой деталью или каталогом техники.

📌 Основные данные:
• Артикул: SU60368
• Бренд: John Deere
• Наименование: Барабан сцепления HLPR
• Узел: Трансмиссия / Муфты сцепления и компоненты
• Раздел: Запчасти → Трансмиссия и мосты
• Вес: 8 кг
• Размеры: длина 165,1 мм; высота 182,88 мм
• Фото: 5 шт.

🚜 Применяемость по данным каталога: 6B-1404, 6BH 110, 6E-1204, 6E-1204P, 6E-1404P, 6E-1404PL.

🚚 Работаем с юридическими лицами. Отправляем по России транспортными компаниями.
📲 Для уточнения срока поставки, совместимости и условий отгрузки напишите в сообщения Авито или позвоните.","23800","images/25/SU60368_1.jpg","[""images/25/SU60368_1.jpg"",""images/25/SU60368_2.jpg"",""images/25/SU60368_3.jpg"",""images/25/SU60368_4.jpg"",""images/25/SU60368_5.jpg""]"
"SU64596","Барабан John Deere SU64596","🔧 Барабан John Deere SU64596.

Запчасть John Deere для ремонта и обслуживания техники. Используется в приводе или трансмиссионном узле, где важно совпадение посадочных размеров и каталожного номера.
Продаётся по каталожному номеру SU64596. Перед заказом рекомендуем сверить номер с вашей старой деталью или каталогом техники.

📌 Основные данные:
• Артикул: SU64596
• Бренд: John Deere
• Наименование: Барабан
• Узел: Трансмиссия / Муфты сцепления и компоненты
• Раздел: Запчасти → Трансмиссия и мосты
• Фото: 3 шт.

🚜 Применяемость по данным каталога: 6B-1404, 6BH 110, 6E-1004, 6E-1204, 6E-1204P, 6E-1404.

🚚 Работаем с юридическими лицами. Отправляем по России транспортными компаниями.
📲 Для уточнения срока поставки, совместимости и условий отгрузки напишите в сообщения Авито или позвоните.","15100","images/25/SU64596_1.jpg","[""images/25/SU64596_1.jpg"",""images/25/SU64596_2.jpg"",""images/25/SU64596_3.jpg""]"
"SU65088","Вал John Deere SU65088","🔧 Вал John Deere SU65088.

Запчасть John Deere для ремонта и обслуживания техники. Используется в приводе или трансмиссионном узле, где важно совпадение посадочных размеров и каталожного номера.
Продаётся по каталожному номеру SU65088. Перед заказом рекомендуем сверить номер с вашей старой деталью или каталогом техники.

📌 Основные данные:
• Артикул: SU65088
• Бренд: John Deere
• Наименование: Вал
• Узел: Трансмиссия / Карданные валы
• Раздел: Запчасти → Трансмиссия и мосты
• Фото: 2 шт.

🚜 Применяемость по данным каталога: 6B-954, 6E-1504L, 6E-1504PL, 1404, 6110B, 6135B.

🚚 Работаем с юридическими лицами. Отправляем по России транспортными компаниями.
📲 Для уточнения срока поставки, совместимости и условий отгрузки напишите в сообщения Авито или позвоните.","7100","images/21/SU65088_1.jpg","[""images/21/SU65088_1.jpg"",""images/21/SU65088_2.jpg""]"
"T108121","Уплотнительное кольцо John Deere T108121","🔧 Уплотнительное кольцо John Deere T108121.

Запчасть John Deere для ремонта и обслуживания техники. Подходит для ремонта узла при износе уплотнений, появлении подтеканий или плановом обслуживании.
Продаётся по каталожному номеру T108121. Перед заказом рекомендуем сверить номер с вашей старой деталью или каталогом техники.

📌 Основные данные:
• Артикул: T108121
• Бренд: John Deere
• Наименование: Уплотнительное кольцо
• Узел: Уплотнения, прокладки и кольца / Уплотнительные кольца и комплекты
• Раздел: Запчасти → Уплотнения и прокладки
• Вес: 0,009 кг
• Размеры: длина 10,16 мм; высота 93,98 мм
• Размеры: объём 0,341 л
• Фото: 2 шт.

🚜 Применяемость по данным каталога: 8R 230, 8R 250, 8R 280, 8R 310, 8R 340, 8R 370.

🚚 Работаем с юридическими лицами. Отправляем по России транспортными компаниями.
📲 Для уточнения срока поставки, совместимости и условий отгрузки напишите в сообщения Авито или позвоните.","2000","images/02/T108121_1.jpg","[""images/02/T108121_1.jpg"",""images/02/T108121_2.jpg""]"
"T122075","Уплотнительное кольцо John Deere T122075","🔧 Уплотнительное кольцо John Deere T122075.

Запчасть John Deere для ремонта и обслуживания техники. Подходит для ремонта узла при износе уплотнений, появлении подтеканий или плановом обслуживании.
Продаётся по каталожному номеру T122075. Перед заказом рекомендуем сверить номер с вашей старой деталью или каталогом техники.

📌 Основные данные:
• Артикул: T122075
• Бренд: John Deere
• Наименование: Уплотнительное кольцо
• Узел: Уплотнения, прокладки и кольца / Уплотнительные кольца и комплекты
• Раздел: Запчасти → Уплотнения и прокладки
• Вес: 0,009 кг
• Размеры: длина 2,54 мм; высота 34,29 мм
• Фото: 8 шт.

🚜 Применяемость по данным каталога: 5E-850, 5E-850H, 5E-854, 5E-904, 5E-950, 5E-954.

🚚 Работаем с юридическими лицами. Отправляем по России транспортными компаниями.
📲 Для уточнения срока поставки, совместимости и условий отгрузки напишите в сообщения Авито или позвоните.","59960","images/02/T122075_1.jpg","[""images/02/T122075_1.jpg"",""images/02/T122075_2.jpg"",""images/02/T122075_3.jpg"",""images/02/T122075_4.jpg"",""images/02/T122075_5.jpg"",""images/02/T122075_6.jpg"",""images/02/T122075_7.jpg"",""images/02/T122075_8.jpg""]"
"T77613","Уплотнительное кольцо John Deere T77613","🔧 Уплотнительное кольцо John Deere T77613.

Запчасть John Deere для ремонта и обслуживания техники. Подходит для ремонта узла при износе уплотнений, появлении подтеканий или плановом обслуживании.
Продаётся по каталожному номеру T77613. Перед заказом рекомендуем сверить номер с вашей старой деталью или каталогом техники.

📌 Основные данные:
• Артикул: T77613
• Бренд: John Deere
• Наименование: Уплотнительное кольцо
• Узел: Уплотнения, прокладки и кольца / Уплотнительные кольца и комплекты
• Раздел: Запчасти → Уплотнения и прокладки
• Вес: 0,005 кг
• Размеры: длина 1,524 мм; высота 12,7 мм
• Фото: 8 шт.

🚜 Применяемость по данным каталога: 2C-300, 2C-304, 2C-324, 2C-350, 2C-354, 3B-400.

🚚 Работаем с юридическими лицами. Отправляем по России транспортными компаниями.
📲 Для уточнения срока поставки, совместимости и условий отгрузки напишите в сообщения Авито или позвоните.","110","images/02/T77613_1.jpg","[""images/02/T77613_1.jpg"",""images/02/T77613_2.jpg"",""images/02/T77613_3.jpg"",""images/02/T77613_4.jpg"",""images/02/T77613_5.jpg"",""images/02/T77613_6.jpg"",""images/02/T77613_7.jpg"",""images/02/T77613_8.jpg""]"
"TA17904","Стабилизатор John Deere TA17904","🔧 Стабилизатор John Deere TA17904.

Запчасть John Deere для ремонта и обслуживания техники. Используется при замене изношенной детали в соответствующем узле техники.
Продаётся по каталожному номеру TA17904. Перед заказом рекомендуем сверить номер с вашей старой деталью или каталогом техники.

📌 Основные данные:
• Артикул: TA17904
• Бренд: John Deere
• Наименование: Стабилизатор
• Узел: Подвеска / Прочие детали подвески
• Раздел: Запчасти → Подвеска и стабилизаторы
• Фото: 3 шт.

🚜 Применяемость по данным каталога: 6BH 110, 6E-1204, 6E-1204P, 6E-1404, 6E-1404L, 6E-1404P.

🚚 Работаем с юридическими лицами. Отправляем по России транспортными компаниями.
📲 Для уточнения срока поставки, совместимости и условий отгрузки напишите в сообщения Авито или позвоните.","9100","images/15/TA17904_1.jpg","[""images/15/TA17904_1.jpg"",""images/15/TA17904_2.jpg"",""images/15/TA17904_3.jpg""]"
"TA20453","Крутильный демпфер John Deere TA20453","🔧 Крутильный демпфер John Deere TA20453.

Запчасть John Deere для ремонта и обслуживания техники. Подходит для ремонта и обслуживания техники John Deere.
Продаётся по каталожному номеру TA20453. Перед заказом рекомендуем сверить номер с вашей старой деталью или каталогом техники.

📌 Основные данные:
• Артикул: TA20453
• Бренд: John Deere
• Наименование: Крутильный демпфер
• Узел: Навесное оборудование двигателя / Демпферы
• Раздел: Запчасти → Двигатель
• Вес: 7,882 кг
• Размеры: длина 73,66 мм; высота 350,52 мм
• Фото: 1 шт.

🚜 Применяемость по данным каталога: 7R 210, 7R 230, 7R 250, 7R 270, 7R 290, 7R 310.

🚚 Работаем с юридическими лицами. Отправляем по России транспортными компаниями.
📲 Для уточнения срока поставки, совместимости и условий отгрузки напишите в сообщения Авито или позвоните.","93400","images/04/TA20453_1.jpg","[""images/04/TA20453_1.jpg""]"
"TR115456","Вал-шестерня барабана John Deere TR115456","🔧 Вал-шестерня барабана John Deere TR115456.

Запчасть John Deere для ремонта и обслуживания техники. Используется в приводе или трансмиссионном узле, где важно совпадение посадочных размеров и каталожного номера.
Продаётся по каталожному номеру TR115456. Перед заказом рекомендуем сверить номер с вашей старой деталью или каталогом техники.

📌 Основные данные:
• Артикул: TR115456
• Бренд: John Deere
• Наименование: Вал-шестерня барабана
• Узел: Трансмиссия / Муфты сцепления и компоненты
• Раздел: Запчасти → Трансмиссия и мосты
• Вес: 5,127 кг
• Размеры: длина 86,36 мм; высота 175,26 мм
• Фото: 4 шт.

🚜 Применяемость по данным каталога: 6B-1404, 6BH 110, 6E-1004, 6E-1204, 6E-1204P, 6E-1404.

🚚 Работаем с юридическими лицами. Отправляем по России транспортными компаниями.
📲 Для уточнения срока поставки, совместимости и условий отгрузки напишите в сообщения Авито или позвоните.","18000","images/25/TR115456_1.jpg","[""images/25/TR115456_1.jpg"",""images/25/TR115456_2.jpg"",""images/25/TR115456_3.jpg"",""images/25/TR115456_4.jpg""]"
"TR117082","Вал John Deere TR117082","🔧 Вал John Deere TR117082.

Запчасть John Deere для ремонта и обслуживания техники. Используется в приводе или трансмиссионном узле, где важно совпадение посадочных размеров и каталожного номера.
Продаётся по каталожному номеру TR117082. Перед заказом рекомендуем сверить номер с вашей старой деталью или каталогом техники.

📌 Основные данные:
• Артикул: TR117082
• Бренд: John Deere
• Наименование: Вал
• Узел: Трансмиссия / Карданные валы
• Раздел: Запчасти → Трансмиссия и мосты
• Фото: 2 шт.

🚜 Применяемость по данным каталога: 6B-954, 6BH 110, 6E-1004, 6E-1204, 6E-1204P, 6E-1404.

🚚 Работаем с юридическими лицами. Отправляем по России транспортными компаниями.
📲 Для уточнения срока поставки, совместимости и условий отгрузки напишите в сообщения Авито или позвоните.","6400","images/21/TR117082_1.jpg","[""images/21/TR117082_1.jpg"",""images/21/TR117082_2.jpg""]"
"TR120920","Коническая шестерня John Deere TR120920","🔧 Коническая шестерня дифференциала, 16 зубьев John Deere TR120920.

Запчасть John Deere для ремонта и обслуживания техники. Используется в приводе или трансмиссионном узле, где важно совпадение посадочных размеров и каталожного номера.
Продаётся по каталожному номеру TR120920. Перед заказом рекомендуем сверить номер с вашей старой деталью или каталогом техники.

📌 Основные данные:
• Артикул: TR120920
• Бренд: John Deere
• Наименование: Коническая шестерня дифференциала, 16 зубьев
• Узел: Трансмиссия / Шестерни и корпуса редукторов
• Раздел: Запчасти → Трансмиссия и мосты
• Вес: 2,318 кг
• Размеры: длина 96,52 мм; высота 106,68 мм
• Фото: 1 шт.

🚜 Применяемость по данным каталога: 8R 230, 8R 250, 8R 280, 8R 310, 8R 340, 8R 370.

🚚 Работаем с юридическими лицами. Отправляем по России транспортными компаниями.
📲 Для уточнения срока поставки, совместимости и условий отгрузки напишите в сообщения Авито или позвоните.","42000","images/24/TR120920_1.jpg","[""images/24/TR120920_1.jpg""]"
"U10289","Уплотнительное кольцо John Deere U10289","🔧 Уплотнительное кольцо круглого сечения John Deere U10289.

Запчасть John Deere для ремонта и обслуживания техники. Подходит для ремонта узла при износе уплотнений, появлении подтеканий или плановом обслуживании.
Продаётся по каталожному номеру U10289. Перед заказом рекомендуем сверить номер с вашей старой деталью или каталогом техники.

📌 Основные данные:
• Артикул: U10289
• Бренд: John Deere
• Наименование: Уплотнительное кольцо круглого сечения
• Узел: Уплотнения, прокладки и кольца / Уплотнительные кольца и комплекты
• Раздел: Запчасти → Уплотнения и прокладки
• Вес: 0,004 кг
• Размеры: длина 2,54 мм; высота 43,18 мм
• Фото: 7 шт.

🚜 Применяемость по данным каталога: 6A-1104, 6B-954, 6B-1404, 6BH 110, 6E-1004, 6E-1204.

🚚 Работаем с юридическими лицами. Отправляем по России транспортными компаниями.
📲 Для уточнения срока поставки, совместимости и условий отгрузки напишите в сообщения Авито или позвоните.","210","images/02/U10289_1.jpg","[""images/02/U10289_1.jpg"",""images/02/U10289_2.jpg"",""images/02/U10289_3.jpg"",""images/02/U10289_4.jpg"",""images/02/U10289_5.jpg"",""images/02/U10289_6.jpg"",""images/02/U10289_7.jpg""]"
"YZ107137","Круглое плоское стопорное John Deere YZ107137","🔧 Круглое плоское стопорное кольцо John Deere YZ107137.

Запчасть John Deere для ремонта и обслуживания техники. Подходит для ремонта узла при износе уплотнений, появлении подтеканий или плановом обслуживании.
Продаётся по каталожному номеру YZ107137. Перед заказом рекомендуем сверить номер с вашей старой деталью или каталогом техники.

📌 Основные данные:
• Артикул: YZ107137
• Бренд: John Deere
• Наименование: Круглое плоское стопорное кольцо
• Узел: Крепеж / Стопорные элементы
• Раздел: Запчасти → Уплотнения и прокладки
• Вес: 0,009 кг
• Размеры: длина 5,08 мм; высота 69,85 мм
• Фото: 2 шт.

🚜 Применяемость по данным каталога: 6B-1404, 6BH 110, 6E-1004, 6E-1204, 6E-1204P, 6E-1404.

🚚 Работаем с юридическими лицами. Отправляем по России транспортными компаниями.
📲 Для уточнения срока поставки, совместимости и условий отгрузки напишите в сообщения Авито или позвоните.","1600","images/02/YZ107137_1.jpg","[""images/02/YZ107137_1.jpg"",""images/02/YZ107137_2.jpg""]"
"YZ90291","Косозубая шестерня John Deere YZ90291","🔧 Косозубая шестерня John Deere YZ90291.

Запчасть John Deere для ремонта и обслуживания техники. Используется в приводе или трансмиссионном узле, где важно совпадение посадочных размеров и каталожного номера.
Продаётся по каталожному номеру YZ90291. Перед заказом рекомендуем сверить номер с вашей старой деталью или каталогом техники.

📌 Основные данные:
• Артикул: YZ90291
• Бренд: John Deere
• Наименование: Косозубая шестерня
• Узел: Трансмиссия / Шестерни и корпуса редукторов
• Раздел: Запчасти → Трансмиссия и мосты
• Вес: 1,597 кг
• Размеры: длина 38,1 мм; высота 139,7 мм
• Фото: 5 шт.

🚜 Применяемость по данным каталога: 5-750, 5-754, 5-800, 5-804, 5-900, 5E-854.

🚚 Работаем с юридическими лицами. Отправляем по России транспортными компаниями.
📲 Для уточнения срока поставки, совместимости и условий отгрузки напишите в сообщения Авито или позвоните.","24000","images/24/YZ90291_1.jpg","[""images/24/YZ90291_1.jpg"",""images/24/YZ90291_2.jpg"",""images/24/YZ90291_3.jpg"",""images/24/YZ90291_4.jpg"",""images/24/YZ90291_5.jpg""]"
"YZ90396","Косозубая шестерня, 24 зуба John Deere YZ90396","🔧 Косозубая шестерня, 24 зуба John Deere YZ90396.

Запчасть John Deere для ремонта и обслуживания техники. Используется в приводе или трансмиссионном узле, где важно совпадение посадочных размеров и каталожного номера.
Продаётся по каталожному номеру YZ90396. Перед заказом рекомендуем сверить номер с вашей старой деталью или каталогом техники.

📌 Основные данные:
• Артикул: YZ90396
• Бренд: John Deere
• Наименование: Косозубая шестерня, 24 зуба
• Узел: Трансмиссия / Шестерни и корпуса редукторов
• Раздел: Запчасти → Трансмиссия и мосты
• Вес: 1,279 кг
• Размеры: длина 114,3 мм; ширина 109,22 мм; высота 58,42 мм
• Фото: 2 шт.

🚜 Применяемость по данным каталога: 5-750, 5-754, 5-800, 5-804, 5-900, 5E-854.

🚚 Работаем с юридическими лицами. Отправляем по России транспортными компаниями.
📲 Для уточнения срока поставки, совместимости и условий отгрузки напишите в сообщения Авито или позвоните.","35600","images/24/YZ90396_1.jpg","[""images/24/YZ90396_1.jpg"",""images/24/YZ90396_2.jpg""]"
"YZ90524","Промежуточная косозубая John Deere YZ90524","🔧 Промежуточная косозубая шестерня MFWD John Deere YZ90524.

Запчасть John Deere для ремонта и обслуживания техники. Используется в приводе или трансмиссионном узле, где важно совпадение посадочных размеров и каталожного номера.
Продаётся по каталожному номеру YZ90524. Перед заказом рекомендуем сверить номер с вашей старой деталью или каталогом техники.

📌 Основные данные:
• Артикул: YZ90524
• Бренд: John Deere
• Наименование: Промежуточная косозубая шестерня MFWD
• Узел: Трансмиссия / Шестерни и корпуса редукторов
• Раздел: Запчасти → Трансмиссия и мосты
• Вес: 3,81 кг
• Размеры: длина 114,3 мм; высота 210,82 мм
• Фото: 2 шт.

🚜 Применяемость по данным каталога: 5-750, 5-754, 5-800, 5-804, 5-900, 5E-854.

🚚 Работаем с юридическими лицами. Отправляем по России транспортными компаниями.
📲 Для уточнения срока поставки, совместимости и условий отгрузки напишите в сообщения Авито или позвоните.","44000","images/24/YZ90524_1.jpg","[""images/24/YZ90524_1.jpg"",""images/24/YZ90524_2.jpg""]"
"YZ90884","Вал MFWD John Deere YZ90884","🔧 Вал MFWD John Deere YZ90884.

Запчасть John Deere для ремонта и обслуживания техники. Используется в приводе или трансмиссионном узле, где важно совпадение посадочных размеров и каталожного номера.
Продаётся по каталожному номеру YZ90884. Перед заказом рекомендуем сверить номер с вашей старой деталью или каталогом техники.

📌 Основные данные:
• Артикул: YZ90884
• Бренд: John Deere
• Наименование: Вал MFWD
• Узел: Трансмиссия / Карданные валы
• Раздел: Запчасти → Трансмиссия и мосты
• Вес: 2,849 кг
• Размеры: длина 312,42 мм; высота 57,15 мм
• Фото: 4 шт.

🚜 Применяемость по данным каталога: 5-750, 5-754, 5-800, 5-804, 5-900, 5E-854.

🚚 Работаем с юридическими лицами. Отправляем по России транспортными компаниями.
📲 Для уточнения срока поставки, совместимости и условий отгрузки напишите в сообщения Авито или позвоните.","35000","images/21/YZ90884_1.jpg","[""images/21/YZ90884_1.jpg"",""images/21/YZ90884_2.jpg"",""images/21/YZ90884_3.jpg"",""images/21/YZ90884_4.jpg""]"
"YZ91406","Передний реактивный входной John Deere YZ91406","🔧 Передний реактивный входной вал сухого сцепления John Deere YZ91406.

Запчасть John Deere для ремонта и обслуживания техники. Используется в приводе или трансмиссионном узле, где важно совпадение посадочных размеров и каталожного номера.
Продаётся по каталожному номеру YZ91406. Перед заказом рекомендуем сверить номер с вашей старой деталью или каталогом техники.

📌 Основные данные:
• Артикул: YZ91406
• Бренд: John Deere
• Наименование: Передний реактивный входной вал сухого сцепления
• Узел: Трансмиссия / Карданные валы
• Раздел: Запчасти → Трансмиссия и мосты
• Вес: 4,354 кг
• Размеры: длина 459,74 мм; высота 76,2 мм
• Фото: 2 шт.

🚜 Применяемость по данным каталога: 904, 1054, 1354, 1404, 6100B, 6100D.

🚚 Работаем с юридическими лицами. Отправляем по России транспортными компаниями.
📲 Для уточнения срока поставки, совместимости и условий отгрузки напишите в сообщения Авито или позвоните.","58000","images/21/YZ91406_1.jpg","[""images/21/YZ91406_1.jpg"",""images/21/YZ91406_2.jpg""]"
"YZ91450","Сателлит планетарной передачи John Deere YZ91450","🔧 Сателлит планетарной передачи John Deere YZ91450.

Запчасть John Deere для ремонта и обслуживания техники. Используется в приводе или трансмиссионном узле, где важно совпадение посадочных размеров и каталожного номера.
Продаётся по каталожному номеру YZ91450. Перед заказом рекомендуем сверить номер с вашей старой деталью или каталогом техники.

📌 Основные данные:
• Артикул: YZ91450
• Бренд: John Deere
• Наименование: Сателлит планетарной передачи
• Узел: Трансмиссия / Шестерни и корпуса редукторов
• Раздел: Запчасти → Трансмиссия и мосты
• Вес: 3,252 кг
• Размеры: длина 144,78 мм; ширина 144,78 мм; высота 88,9 мм
• Фото: 3 шт.

🚜 Применяемость по данным каталога: 5-750, 5-754, 5-800, 5-804, 5-900, 5E-854.

🚚 Работаем с юридическими лицами. Отправляем по России транспортными компаниями.
📲 Для уточнения срока поставки, совместимости и условий отгрузки напишите в сообщения Авито или позвоните.","9240","images/24/YZ91450_1.jpg","[""images/24/YZ91450_1.jpg"",""images/24/YZ91450_2.jpg"",""images/24/YZ91450_3.jpg""]"